Match_ID,Player_ID,Runs,Wickets,Strike_Rate,Match_Date
M00001,P1371,15,1,84.72,2025/03/10
M00002,P3786,15,1,133.9,2025-01-15
M00003,P1417,18,3,151.69,2025-01-15
M00004,P3636,141,3,210.92,2025/03/10
M00005,P2963,10,0,56.05,15/02/2025
M00006,P2664,89,3,131.19,15/02/2025
M00007,P0088,14,0,181.51,15/02/2025
M00008,P2189,97,5,166.21,2025-01-15
M00009,P2264,123,0,115.81,Apr 12 2025
M00010,P2849,32,3,169.23,15/02/2025
M00011,P0474,112,0,202.51,2025/03/10
M00012,P1441,49,2,124.21,2025-01-15
M00013,P0976,59,0,150.06,15/02/2025
M00014,P1692,137,4,57.78,2025-01-15
M00015,P3577,63,6,59.67,2025-01-15
M00016,P0520,112,1,98.04,2025/03/10
M00017,P1433,62,2,72.05,Apr 12 2025
M00018,P1961,31,5,63.06,2025/03/10
M00019,P3844,139,1,134.14,2025/03/10
M00020,P3677,56,3,171.23,2025/03/10
M00021,P3196,141,2,,15/02/2025
M00022,P2158,68,2,,2025-01-15
M00023,P0222,88,3,,Apr 12 2025
M00024,P1146,20,1,,15/02/2025
M00025,P1250,141,1,,15/02/2025
M00026,P0147,60,5,,Apr 12 2025
M00027,P0468,5,3,,2025/03/10
M00028,P1139,150,3,,2025-01-15
M00029,P0245,71,6,,Apr 12 2025
M00030,P0078,97,3,,15/02/2025
M00031,P0843,97,1,,2025-01-15
M00032,P2706,78,0,,2025/03/10
M00033,P3839,6,4,,2025/03/10
M00034,P3780,67,6,,15/02/2025
M00035,P3102,7,2,,Apr 12 2025
M00036,P3547,109,6,,2025-01-15
M00037,P3308,27,4,,2025/03/10
M00038,P3517,136,3,,2025/03/10
M00039,P0666,97,3,,15/02/2025
M00040,P0541,3,2,,2025/03/10
M00041,P0351,63,6,,2025/03/10
M00042,P2340,101,0,,2025/03/10
M00043,P1101,64,6,,2025-01-15
M00044,P0510,78,4,,2025/03/10
M00045,P3472,45,3,,Apr 12 2025
M00046,P0037,119,0,,Apr 12 2025
M00047,P2613,142,1,,2025-01-15
M00048,P1133,141,2,,Apr 12 2025
M00049,P0737,66,6,,2025/03/10
M00050,P3560,126,1,,15/02/2025
M00051,P0602,12,1,,2025-01-15
M00052,P0755,129,6,124.85,2025/03/10
M00053,P0172,141,5,88.75,2025/03/10
M00054,P1055,4,5,193.64,2025/03/10
M00055,P2214,11,4,89.9,2025-01-15
M00056,P0318,129,3,69.24,2025-01-15
M00057,P0971,52,2,146.96,Apr 12 2025
M00058,P0293,109,2,74.32,2025/03/10
M00059,P2487,92,2,215.77,2025/03/10
M00060,P1928,75,4,55.3,2025/03/10
M00061,P0183,74,1,205.02,2025-01-15
M00062,P0436,54,6,103.23,2025/03/10
M00063,P3850,55,3,191.22,2025-01-15
M00064,P2692,38,3,179.64,2025-01-15
M00065,P0317,57,4,135.59,Apr 12 2025
M00066,P2208,31,6,199.34,2025-01-15
M00067,P2487,120,5,139.16,Apr 12 2025
M00068,P1299,68,1,192.12,2025/03/10
M00069,P3732,62,2,91.32,2025/03/10
M00070,P0946,116,2,177.19,2025-01-15
M00071,P2839,61,3,174.58,Apr 12 2025
M00072,P1483,20,2,145.28,2025-01-15
M00073,P3747,92,5,132.31,15/02/2025
M00074,P1839,107,1,146.79,15/02/2025
M00075,P3792,137,1,182.0,Apr 12 2025
M00076,P2762,149,5,73.48,2025/03/10
M00077,P3260,73,2,103.35,2025-01-15
M00078,P1674,107,4,217.15,Apr 12 2025
M00079,P2592,50,1,198.99,2025-01-15
M00080,P0684,30,3,94.77,Apr 12 2025
M00081,P3043,25,1,197.81,Apr 12 2025
M00082,P0099,42,0,72.5,Apr 12 2025
M00083,P3704,108,2,71.67,15/02/2025
M00084,P2917,75,0,107.26,2025/03/10
M00085,P2423,27,5,57.69,2025/03/10
M00086,P3891,114,3,157.24,Apr 12 2025
M00087,P1185,122,5,72.88,15/02/2025
M00088,P2965,150,6,209.23,2025-01-15
M00089,P0624,1,4,150.82,Apr 12 2025
M00090,P1554,82,3,80.04,2025/03/10
M00091,P3870,24,1,100.55,2025/03/10
M00092,P0198,144,4,202.54,Apr 12 2025
M00093,P1169,82,3,104.16,15/02/2025
M00094,P0587,10,6,210.66,15/02/2025
M00095,P1764,132,2,147.77,2025/03/10
M00096,P0408,88,2,78.15,2025/03/10
M00097,P1122,124,3,88.02,15/02/2025
M00098,P1182,66,4,178.09,15/02/2025
M00099,P2730,71,1,66.32,15/02/2025
M00100,P0113,10,4,141.45,15/02/2025
M00101,P0028,-10,6,189.81,2025/03/10
M00102,P0833,-10,4,122.51,Apr 12 2025
M00103,P2134,-10,6,127.15,2025-01-15
M00104,P2934,-10,3,201.11,Apr 12 2025
M00105,P1078,-10,6,73.26,2025/03/10
M00106,P2997,-10,2,186.62,15/02/2025
M00107,P2980,-10,2,76.64,2025/03/10
M00108,P1131,-10,5,175.04,2025-01-15
M00109,P2896,-10,0,123.67,2025/03/10
M00110,P0780,-10,5,192.4,2025-01-15
M00111,P3888,-10,1,73.27,Apr 12 2025
M00112,P3573,-10,5,83.27,Apr 12 2025
M00113,P0621,-10,6,81.81,Apr 12 2025
M00114,P1158,-10,1,157.91,2025-01-15
M00115,P3895,-10,6,172.96,15/02/2025
M00116,P0014,-10,0,133.42,15/02/2025
M00117,P2909,-10,0,121.09,2025/03/10
M00118,P2513,-10,5,149.26,2025/03/10
M00119,P1984,-10,5,212.24,2025/03/10
M00120,P3444,-10,2,163.56,Apr 12 2025
M00121,P3264,-10,4,110.71,Apr 12 2025
M00122,P1211,24,1,69.1,2025/03/10
M00123,P1719,114,2,92.06,Apr 12 2025
M00124,P0475,45,3,212.57,2025-01-15
M00125,P1424,101,5,71.77,Apr 12 2025
M00126,P3442,125,4,120.04,15/02/2025
M00127,P0119,74,2,136.27,Apr 12 2025
M00128,P0250,143,6,104.94,2025/03/10
M00129,P1685,100,6,125.13,Apr 12 2025
M00130,P1068,13,2,132.54,15/02/2025
M00131,P1392,11,2,126.1,15/02/2025
M00132,P2345,42,4,85.05,2025-01-15
M00133,P3883,84,1,152.84,2025-01-15
M00134,P3893,5,6,114.46,2025/03/10
M00135,P3737,90,6,180.22,2025-01-15
M00136,P2683,12,4,85.78,15/02/2025
M00137,P0644,137,3,196.15,15/02/2025
M00138,P1189,41,2,106.36,15/02/2025
M00139,P2265,63,0,56.13,2025-01-15
M00140,P3093,134,0,135.25,Apr 12 2025
M00141,P0174,40,2,101.25,15/02/2025
M00142,P2587,63,0,96.32,2025-01-15
M00143,P3331,96,5,118.13,2025/03/10
M00144,P3531,21,0,62.56,Apr 12 2025
M00145,P0083,3,5,191.14,15/02/2025
M00146,P0392,150,6,116.49,2025/03/10
M00147,P3215,82,3,137.1,2025-01-15
M00148,P1238,70,3,84.45,2025/03/10
M00149,P2688,147,3,114.02,Apr 12 2025
M00150,P0382,56,3,145.37,Apr 12 2025
M00151,P1165,136,4,91.58,2025-01-15
M00152,P2036,100,2,179.66,2025-01-15
M00153,P1853,57,4,215.78,Apr 12 2025
M00154,P3159,59,3,112.87,2025-01-15
M00155,P2633,79,2,74.44,2025-01-15
M00156,P0391,143,1,85.31,Apr 12 2025
M00157,P2431,63,0,74.03,Apr 12 2025
M00158,P2144,145,6,89.51,Apr 12 2025
M00159,P1033,105,2,175.89,15/02/2025
M00160,P0150,82,5,146.1,Apr 12 2025
M00161,P3570,1,2,167.37,Apr 12 2025
M00162,P2235,127,2,213.11,15/02/2025
M00163,P1319,118,5,132.11,2025-01-15
M00164,P3774,26,3,168.87,Apr 12 2025
M00165,P0522,3,1,138.39,2025-01-15
M00166,P0681,50,3,197.86,2025-01-15
M00167,P0160,108,3,79.02,Apr 12 2025
M00168,P0573,140,3,117.9,2025/03/10
M00169,P0482,111,2,172.39,2025/03/10
M00170,P2141,82,4,201.22,15/02/2025
M00171,P0580,74,4,166.45,2025/03/10
M00172,P2128,64,3,128.69,2025/03/10
M00173,P3798,34,1,139.14,Apr 12 2025
M00174,P0041,81,3,80.47,Apr 12 2025
M00175,P0275,1,2,169.25,15/02/2025
M00176,P2843,24,4,127.96,2025-01-15
M00177,P0251,119,4,76.6,2025/03/10
M00178,P2607,143,1,108.64,2025-01-15
M00179,P3801,49,2,98.31,Apr 12 2025
M00180,P2394,78,2,156.17,Apr 12 2025
M00181,P3827,65,4,141.97,15/02/2025
M00182,P0318,39,0,174.21,2025/03/10
M00183,P0731,67,4,67.39,Apr 12 2025
M00184,P1353,147,6,195.08,2025/03/10
M00185,P3307,121,1,78.58,15/02/2025
M00186,P0887,23,6,154.54,15/02/2025
M00187,P0676,121,6,50.04,2025-01-15
M00188,P3670,13,1,136.99,Apr 12 2025
M00189,P1743,120,2,101.43,2025-01-15
M00190,P0987,143,3,114.14,Apr 12 2025
M00191,P2893,121,2,103.0,2025/03/10
M00192,P2174,20,4,193.17,15/02/2025
M00193,P3873,71,5,74.29,Apr 12 2025
M00194,P2296,113,3,168.17,2025/03/10
M00195,P2808,30,4,202.96,2025/03/10
M00196,P0730,6,6,112.17,Apr 12 2025
M00197,P3157,88,5,122.09,15/02/2025
M00198,P1567,95,1,208.64,2025-01-15
M00199,P0803,113,2,139.42,2025-01-15
M00200,P2402,79,2,66.0,2025/03/10
M00201,P3752,64,15,206.67,2025/03/10
M00202,P0138,70,15,131.38,2025-01-15
M00203,P2849,64,15,156.3,2025-01-15
M00204,P3536,120,15,157.48,Apr 12 2025
M00205,P0712,121,15,198.74,2025-01-15
M00206,P0157,94,15,154.2,15/02/2025
M00207,P2891,45,15,194.66,2025-01-15
M00208,P1719,30,15,125.37,2025-01-15
M00209,P1288,24,15,142.49,15/02/2025
M00210,P2684,4,15,192.34,2025/03/10
M00211,P3678,43,15,172.76,2025/03/10
M00212,P2115,3,15,118.54,2025-01-15
M00213,P0267,49,15,179.42,15/02/2025
M00214,P2986,68,15,79.34,2025-01-15
M00215,P1129,50,15,135.93,15/02/2025
M00216,P2603,0,15,96.54,2025/03/10
M00217,P0483,87,15,146.59,2025-01-15
M00218,P2320,118,15,69.76,2025-01-15
M00219,P0748,22,15,103.98,2025-01-15
M00220,P3141,43,15,51.77,2025/03/10
M00221,P1886,20,15,210.35,2025/03/10
M00222,P3430,48,5,178.49,15/02/2025
M00223,P1272,13,3,170.01,15/02/2025
M00224,P1143,35,4,103.64,15/02/2025
M00225,P3422,48,2,200.21,15/02/2025
M00226,P1209,66,5,124.73,2025-01-15
M00227,P2007,90,4,111.81,Apr 12 2025
M00228,P3398,43,0,211.44,Apr 12 2025
M00229,P0638,137,4,85.81,Apr 12 2025
M00230,P1421,73,1,108.17,2025/03/10
M00231,P0372,131,6,85.82,15/02/2025
M00232,P1916,66,0,206.73,15/02/2025
M00233,P1947,35,3,149.76,2025/03/10
M00234,P2310,96,5,150.03,2025-01-15
M00235,P1321,26,5,111.01,2025-01-15
M00236,P0651,107,3,106.9,2025-01-15
M00237,P0767,91,2,77.67,15/02/2025
M00238,P3081,5,3,187.57,Apr 12 2025
M00239,P2432,147,5,123.94,Apr 12 2025
M00240,P1940,62,2,172.97,2025/03/10
M00241,P1977,102,2,56.82,15/02/2025
M00242,P3126,129,0,121.57,2025/03/10
M00243,P2366,102,4,54.85,15/02/2025
M00244,P3778,76,4,214.09,15/02/2025
M00245,P3898,145,6,73.72,2025/03/10
M00246,P3230,13,0,102.58,15/02/2025
M00247,P3283,88,3,117.32,Apr 12 2025
M00248,P0004,37,1,200.1,2025/03/10
M00249,P1260,20,1,90.15,15/02/2025
M00250,P1789,23,5,91.6,2025/03/10
M00251,P0021,122,1,108.6,Apr 12 2025
M00252,P2253,100,5,86.12,Apr 12 2025
M00253,P2738,96,6,128.79,15/02/2025
M00254,P3126,24,3,71.85,15/02/2025
M00255,P1638,83,2,189.36,Apr 12 2025
M00256,P2446,100,4,62.18,Apr 12 2025
M00257,P2744,150,0,87.69,15/02/2025
M00258,P3146,60,2,111.59,2025-01-15
M00259,P2501,101,0,159.75,15/02/2025
M00260,P2048,48,0,85.91,Apr 12 2025
M00261,P0381,86,3,161.19,Apr 12 2025
M00262,P0618,72,2,115.76,Apr 12 2025
M00263,P0143,66,3,80.52,Apr 12 2025
M00264,P2795,132,6,68.09,2025-01-15
M00265,P1419,25,5,196.62,2025-01-15
M00266,P0659,81,1,147.7,Apr 12 2025
M00267,P2812,116,0,132.64,Apr 12 2025
M00268,P1731,13,2,122.25,2025-01-15
M00269,P2473,115,4,113.38,Apr 12 2025
M00270,P2917,85,6,140.95,2025/03/10
M00271,P0458,45,3,140.39,Apr 12 2025
M00272,P3565,20,1,51.18,2025/03/10
M00273,P0810,131,6,154.47,Apr 12 2025
M00274,P1782,12,3,97.89,2025-01-15
M00275,P3555,125,3,112.41,2025/03/10
M00276,P1034,108,2,164.75,2025-01-15
M00277,P2224,68,1,99.85,Apr 12 2025
M00278,P0072,114,2,100.61,2025-01-15
M00279,P2441,28,2,174.42,Apr 12 2025
M00280,P1019,44,0,140.95,15/02/2025
M00281,P2977,37,5,133.89,2025/03/10
M00282,P1415,117,5,154.93,Apr 12 2025
M00283,P0167,19,2,113.38,15/02/2025
M00284,P2496,25,3,137.15,2025-01-15
M00285,P1384,77,3,118.13,15/02/2025
M00286,P3893,65,5,160.99,2025-01-15
M00287,P3428,110,0,184.92,2025/03/10
M00288,P1242,131,4,195.22,15/02/2025
M00289,P2844,12,2,147.47,15/02/2025
M00290,P3116,111,2,176.97,15/02/2025
M00291,P1134,128,5,57.78,Apr 12 2025
M00292,P3727,46,5,98.44,2025-01-15
M00293,P1668,53,0,182.95,15/02/2025
M00294,P1126,68,3,151.84,2025/03/10
M00295,P0398,56,1,53.07,2025/03/10
M00296,P0906,16,4,98.93,Apr 12 2025
M00297,P2409,107,5,151.19,Apr 12 2025
M00298,P1949,142,0,108.3,2025/03/10
M00299,P1419,113,1,128.53,Apr 12 2025
M00300,P0863,136,5,78.9,Apr 12 2025
M00301,,103,0,162.32,2025-01-15
M00302,,124,4,217.44,2025-01-15
M00303,,135,2,101.69,2025/03/10
M00304,,119,0,76.5,15/02/2025
M00305,,90,4,123.36,2025-01-15
M00306,,72,4,176.49,15/02/2025
M00307,,137,1,114.33,2025-01-15
M00308,,101,1,85.92,2025-01-15
M00309,,74,1,197.03,Apr 12 2025
M00310,,104,2,177.72,Apr 12 2025
M00311,,71,2,180.98,2025-01-15
M00312,,81,4,141.06,Apr 12 2025
M00313,,103,3,178.66,2025/03/10
M00314,,115,1,207.06,15/02/2025
M00315,,73,0,140.55,2025/03/10
M00316,,118,5,79.29,2025-01-15
M00317,,148,5,121.08,Apr 12 2025
M00318,,48,5,54.94,15/02/2025
M00319,,128,0,151.93,Apr 12 2025
M00320,,5,2,153.67,15/02/2025
M00321,,120,5,65.46,2025/03/10
M00322,,99,4,136.93,15/02/2025
M00323,,41,3,112.74,15/02/2025
M00324,,120,5,206.64,2025/03/10
M00325,,75,0,202.06,15/02/2025
M00326,,118,3,91.66,Apr 12 2025
M00327,,45,3,135.04,2025-01-15
M00328,,84,6,206.43,15/02/2025
M00329,,118,5,213.62,2025-01-15
M00330,,8,5,165.07,Apr 12 2025
M00331,,98,0,183.12,2025/03/10
M00332,P3619,137,0,171.69,2025-01-15
M00333,P1797,123,6,173.43,2025/03/10
M00334,P3325,101,6,189.79,2025-01-15
M00335,P1489,102,5,207.66,Apr 12 2025
M00336,P1756,31,0,74.82,2025/03/10
M00337,P3105,148,6,184.58,15/02/2025
M00338,P1502,105,5,107.77,15/02/2025
M00339,P3259,123,1,94.97,2025/03/10
M00340,P2630,18,3,202.86,Apr 12 2025
M00341,P3083,62,6,94.2,2025/03/10
M00342,P2823,113,2,183.85,2025/03/10
M00343,P2328,70,4,56.08,15/02/2025
M00344,P0607,133,2,54.41,2025/03/10
M00345,P2309,92,5,99.51,15/02/2025
M00346,P2326,78,3,171.22,2025/03/10
M00347,P0633,32,1,153.27,Apr 12 2025
M00348,P1054,58,0,194.66,2025/03/10
M00349,P0608,149,0,94.1,Apr 12 2025
M00350,P1954,43,2,159.45,2025/03/10
M00351,P2144,95,3,197.12,Apr 12 2025
M00352,P2656,43,6,139.29,15/02/2025
M00353,P1983,97,0,163.69,2025-01-15
M00354,P1403,57,2,85.09,15/02/2025
M00355,P1140,30,5,83.48,Apr 12 2025
M00356,P1882,145,5,204.07,15/02/2025
M00357,P3037,51,2,162.92,Apr 12 2025
M00358,P2566,25,2,136.26,2025/03/10
M00359,P2267,136,6,176.01,2025-01-15
M00360,P3269,14,3,146.34,15/02/2025
M00361,P1003,65,6,175.7,15/02/2025
M00362,P0936,116,1,56.84,2025/03/10
M00363,P2261,71,0,176.33,2025-01-15
M00364,P3712,33,4,101.47,15/02/2025
M00365,P0933,62,4,179.49,Apr 12 2025
M00366,P1902,25,4,199.88,2025-01-15
M00367,P1307,18,1,131.31,Apr 12 2025
M00368,P0342,121,1,66.98,15/02/2025
M00369,P2451,124,2,146.79,Apr 12 2025
M00370,P3528,28,5,200.71,15/02/2025
M00371,P2413,116,0,92.8,Apr 12 2025
M00372,P2464,69,3,157.29,2025/03/10
M00373,P2078,123,4,98.24,2025/03/10
M00374,P1083,136,1,107.99,2025/03/10
M00375,P2564,112,0,216.13,15/02/2025
M00376,P1998,1,2,201.87,Apr 12 2025
M00377,P2031,41,1,61.15,Apr 12 2025
M00378,P2757,77,0,207.3,Apr 12 2025
M00379,P1403,137,6,81.05,2025-01-15
M00380,P3125,59,1,102.22,2025/03/10
M00381,P1311,135,3,67.5,2025/03/10
M00382,P3800,53,4,164.22,2025/03/10
M00383,P0641,49,6,117.36,15/02/2025
M00384,P3492,40,4,162.64,2025/03/10
M00385,P2116,121,5,151.19,Apr 12 2025
M00386,P3194,68,1,208.58,Apr 12 2025
M00387,P3828,77,2,74.65,2025/03/10
M00388,P2977,90,6,176.69,Apr 12 2025
M00389,P1262,108,4,116.9,Apr 12 2025
M00390,P0024,103,0,214.68,2025/03/10
M00391,P2646,35,3,180.4,2025-01-15
M00392,P3353,51,1,162.55,2025/03/10
M00393,P1208,95,0,104.71,Apr 12 2025
M00394,P1335,142,4,175.63,15/02/2025
M00395,P2530,128,3,195.59,2025-01-15
M00396,P0305,62,1,105.33,Apr 12 2025
M00397,P3857,120,0,182.81,Apr 12 2025
M00398,P2818,124,1,97.62,Apr 12 2025
M00399,P0243,25,0,158.74,2025/03/10
M00400,P2204,94,3,207.01,2025-01-15
M00401,P1933,34,5,62.58,Apr 12 2025
M00402,P3377,38,6,75.57,2025/03/10
M00403,P2352,51,4,64.96,15/02/2025
M00404,P1343,146,4,179.67,2025/03/10
M00405,P2281,135,6,99.54,2025-01-15
M00406,P0576,17,6,183.6,2025/03/10
M00407,P3496,92,6,125.79,15/02/2025
M00408,P0755,82,3,88.71,2025/03/10
M00409,P1365,50,5,215.14,2025/03/10
M00410,P1046,5,1,70.26,Apr 12 2025
M00411,P1751,101,6,132.68,2025-01-15
M00412,P3407,135,0,205.21,2025/03/10
M00413,P0067,144,3,219.26,2025/03/10
M00414,P3237,137,3,98.05,2025/03/10
M00415,P2599,17,5,62.84,2025-01-15
M00416,P2287,28,4,76.9,2025-01-15
M00417,P2351,119,4,160.53,15/02/2025
M00418,P3080,18,6,166.27,2025/03/10
M00419,P1908,115,5,75.87,2025/03/10
M00420,P0300,46,5,147.79,Apr 12 2025
M00421,P2162,110,0,118.25,2025/03/10
M00422,P0027,99,0,51.45,2025/03/10
M00423,P1750,38,2,195.45,2025/03/10
M00424,P2181,117,5,163.12,2025/03/10
M00425,P3659,147,1,82.1,15/02/2025
M00426,P0845,78,1,67.15,2025-01-15
M00427,P3193,32,4,109.25,2025-01-15
M00428,P1342,80,1,161.89,15/02/2025
M00429,P1241,41,3,218.47,15/02/2025
M00430,P3836,55,6,110.41,15/02/2025
M00431,P3595,112,0,191.81,Apr 12 2025
M00432,P0105,113,6,176.47,15/02/2025
M00433,P1559,12,3,124.55,15/02/2025
M00434,P0843,97,4,188.46,2025-01-15
M00435,P0718,129,4,173.17,2025-01-15
M00436,P0668,53,0,209.92,2025/03/10
M00437,P3071,81,3,82.47,2025-01-15
M00438,P3276,129,2,131.26,2025-01-15
M00439,P3871,116,0,51.23,Apr 12 2025
M00440,P1640,25,2,111.27,2025/03/10
M00441,P3427,16,3,210.81,2025/03/10
M00442,P0940,21,5,159.41,Apr 12 2025
M00443,P3588,120,0,211.72,2025/03/10
M00444,P2989,82,0,73.93,15/02/2025
M00445,P0727,144,0,71.75,15/02/2025
M00446,P0575,120,6,56.63,15/02/2025
M00447,P3549,75,2,154.98,15/02/2025
M00448,P1718,44,1,209.17,15/02/2025
M00449,P3040,46,2,199.44,2025-01-15
M00450,P3222,41,0,134.58,2025/03/10
M00451,P1654,95,6,95.08,2025/03/10
M00452,P0117,6,2,54.84,Apr 12 2025
M00453,P0141,36,3,57.9,Apr 12 2025
M00454,P3124,134,1,76.89,2025-01-15
M00455,P1429,57,0,121.38,2025-01-15
M00456,P0461,121,3,217.17,Apr 12 2025
M00457,P0551,0,2,130.96,2025/03/10
M00458,P0526,82,5,141.8,2025-01-15
M00459,P1958,126,5,191.29,15/02/2025
M00460,P0516,56,4,72.07,15/02/2025
M00461,P0924,21,5,66.11,Apr 12 2025
M00462,P1157,26,1,88.46,15/02/2025
M00463,P2991,77,2,170.78,Apr 12 2025
M00464,P2738,133,4,148.12,2025/03/10
M00465,P3113,33,2,121.74,15/02/2025
M00466,P2374,8,5,204.02,Apr 12 2025
M00467,P2589,12,6,83.64,15/02/2025
M00468,P0059,36,5,55.8,15/02/2025
M00469,P0664,101,2,51.99,Apr 12 2025
M00470,P1982,88,1,156.88,Apr 12 2025
M00471,P1852,54,3,155.62,Apr 12 2025
M00472,P0483,71,5,180.65,2025/03/10
M00473,P1382,47,2,107.97,Apr 12 2025
M00474,P3163,140,3,162.75,2025/03/10
M00475,P3127,132,2,60.73,2025/03/10
M00476,P1748,6,4,71.46,15/02/2025
M00477,P1874,28,0,143.58,2025/03/10
M00478,P0518,88,2,126.94,2025-01-15
M00479,P3552,129,1,117.58,15/02/2025
M00480,P0581,56,6,52.84,2025/03/10
M00481,P2153,38,4,196.19,2025-01-15
M00482,P3278,136,2,141.71,15/02/2025
M00483,P1534,40,0,165.67,15/02/2025
M00484,P3454,38,4,210.17,Apr 12 2025
M00485,P3516,51,2,58.32,Apr 12 2025
M00486,P1215,99,4,215.24,Apr 12 2025
M00487,P1917,82,1,172.66,2025/03/10
M00488,P0002,19,2,170.42,2025/03/10
M00489,P0856,17,0,178.38,15/02/2025
M00490,P0589,123,6,77.24,15/02/2025
M00491,P1603,40,5,121.23,15/02/2025
M00492,P1019,89,0,88.47,2025/03/10
M00493,P0576,102,0,173.42,15/02/2025
M00494,P0844,113,1,164.28,2025/03/10
M00495,P0045,30,4,102.9,2025-01-15
M00496,P3161,120,1,162.27,2025/03/10
M00497,P3368,31,4,176.29,Apr 12 2025
M00498,P0630,18,6,204.79,2025/03/10
M00499,P3585,69,0,114.86,2025/03/10
M00500,P0463,119,3,149.45,Apr 12 2025
M00501,P3107,74,1,138.88,2025-01-15
M00502,P2998,92,1,197.79,Apr 12 2025
M00503,P3428,110,3,59.63,2025-01-15
M00504,P3544,71,6,173.09,2025/03/10
M00505,P3706,64,5,136.33,Apr 12 2025
M00506,P2732,64,2,64.13,2025-01-15
M00507,P2921,124,1,149.58,15/02/2025
M00508,P2422,111,5,95.18,Apr 12 2025
M00509,P2297,144,3,153.13,Apr 12 2025
M00510,P0173,27,4,192.49,2025-01-15
M00511,P2358,24,0,214.34,15/02/2025
M00512,P1478,148,5,170.58,Apr 12 2025
M00513,P3340,100,5,176.53,2025/03/10
M00514,P2651,112,6,128.33,2025-01-15
M00515,P3852,102,6,186.89,Apr 12 2025
M00516,P2741,6,1,146.38,2025-01-15
M00517,P2583,84,0,99.69,Apr 12 2025
M00518,P3285,7,5,127.63,2025/03/10
M00519,P1469,88,2,215.51,15/02/2025
M00520,P1134,114,6,58.13,Apr 12 2025
M00521,P2864,67,6,184.92,15/02/2025
M00522,P2288,140,5,104.72,Apr 12 2025
M00523,P3086,89,6,188.63,Apr 12 2025
M00524,P3509,22,2,109.81,15/02/2025
M00525,P1297,78,0,205.41,2025-01-15
M00526,P2620,103,2,155.71,15/02/2025
M00527,P3099,97,1,95.0,Apr 12 2025
M00528,P1437,86,6,124.42,2025/03/10
M00529,P3092,40,1,104.87,2025-01-15
M00530,P0778,148,2,204.5,2025/03/10
M00531,P3100,143,4,80.24,2025-01-15
M00532,P0814,23,0,170.98,Apr 12 2025
M00533,P3491,67,1,171.7,2025/03/10
M00534,P1626,34,3,67.62,2025/03/10
M00535,P2513,145,0,105.05,15/02/2025
M00536,P1813,10,1,143.16,2025/03/10
M00537,P0108,126,1,191.65,15/02/2025
M00538,P1005,57,3,160.14,15/02/2025
M00539,P0596,3,2,91.43,2025-01-15
M00540,P3513,123,6,124.62,15/02/2025
M00541,P1689,47,6,138.16,Apr 12 2025
M00542,P2570,147,3,176.95,2025/03/10
M00543,P3291,67,3,112.94,15/02/2025
M00544,P1312,138,2,63.1,15/02/2025
M00545,P1318,63,6,141.51,15/02/2025
M00546,P0396,129,5,130.88,2025/03/10
M00547,P0430,58,5,109.22,15/02/2025
M00548,P1906,68,4,192.22,Apr 12 2025
M00549,P2535,112,3,150.48,2025-01-15
M00550,P0702,5,4,126.24,2025-01-15
M00551,P3670,88,3,197.49,15/02/2025
M00552,P0262,90,0,212.3,2025/03/10
M00553,P2334,64,5,54.69,Apr 12 2025
M00554,P1765,34,3,86.58,Apr 12 2025
M00555,P1270,137,5,164.69,2025/03/10
M00556,P0953,145,6,198.91,Apr 12 2025
M00557,P0591,138,5,149.77,2025-01-15
M00558,P2497,13,5,178.26,2025-01-15
M00559,P3173,18,4,60.82,Apr 12 2025
M00560,P2992,41,5,83.09,15/02/2025
M00561,P3424,46,0,160.4,Apr 12 2025
M00562,P2985,30,2,65.15,Apr 12 2025
M00563,P2352,99,6,119.29,Apr 12 2025
M00564,P0568,87,1,66.3,2025/03/10
M00565,P0727,110,2,134.95,15/02/2025
M00566,P1068,102,1,88.53,2025-01-15
M00567,P1392,115,6,65.98,2025/03/10
M00568,P0084,15,4,60.05,2025/03/10
M00569,P0392,43,0,213.81,2025-01-15
M00570,P0020,83,3,102.06,2025/03/10
M00571,P3520,17,1,82.04,Apr 12 2025
M00572,P0745,137,1,215.88,2025-01-15
M00573,P3573,39,4,113.61,15/02/2025
M00574,P3652,112,5,193.82,15/02/2025
M00575,P2079,38,6,189.23,2025-01-15
M00576,P2549,9,4,201.0,2025-01-15
M00577,P3307,79,2,68.32,15/02/2025
M00578,P2418,132,1,203.04,Apr 12 2025
M00579,P0792,39,4,206.4,Apr 12 2025
M00580,P3804,140,6,116.1,Apr 12 2025
M00581,P3867,29,5,144.26,2025/03/10
M00582,P1009,93,1,90.71,Apr 12 2025
M00583,P0772,103,0,110.91,Apr 12 2025
M00584,P3322,25,6,138.37,2025/03/10
M00585,P3736,134,4,147.76,Apr 12 2025
M00586,P3101,139,5,84.16,2025/03/10
M00587,P0555,114,6,83.67,Apr 12 2025
M00588,P1656,111,3,64.01,2025-01-15
M00589,P2013,26,2,145.41,Apr 12 2025
M00590,P1253,127,6,181.03,2025-01-15
M00591,P2161,10,1,210.95,2025/03/10
M00592,P3655,150,5,203.05,15/02/2025
M00593,P2626,80,5,58.15,2025-01-15
M00594,P0194,77,3,82.0,2025-01-15
M00595,P3375,111,5,136.42,15/02/2025
M00596,P2084,94,5,168.86,15/02/2025
M00597,P0405,117,1,201.7,2025/03/10
M00598,P0299,52,3,85.15,2025-01-15
M00599,P0186,97,1,203.05,2025-01-15
M00600,P3786,74,0,203.75,2025/03/10
M00601,P0726,99,6,88.82,Apr 12 2025
M00602,P0184,39,1,151.79,2025/03/10
M00603,P3613,108,5,146.99,2025/03/10
M00604,P0840,69,3,167.35,Apr 12 2025
M00605,P3374,105,3,97.27,15/02/2025
M00606,P3346,124,2,152.02,Apr 12 2025
M00607,P0172,114,1,162.7,15/02/2025
M00608,P0289,29,0,77.02,Apr 12 2025
M00609,P0273,46,4,105.65,2025/03/10
M00610,P2789,101,2,141.16,2025/03/10
M00611,P3505,145,2,68.44,2025-01-15
M00612,P1618,51,0,144.31,Apr 12 2025
M00613,P0823,32,4,219.24,Apr 12 2025
M00614,P1962,27,0,88.87,Apr 12 2025
M00615,P0756,21,6,167.91,2025-01-15
M00616,P0991,111,4,113.05,15/02/2025
M00617,P1811,10,5,208.71,15/02/2025
M00618,P3148,53,5,104.05,2025-01-15
M00619,P3886,39,2,196.11,2025/03/10
M00620,P3776,44,2,128.55,2025-01-15
M00621,P1603,97,1,210.96,2025-01-15
M00622,P0923,47,5,83.04,Apr 12 2025
M00623,P0104,112,0,193.38,2025/03/10
M00624,P2281,41,1,143.01,2025/03/10
M00625,P0233,28,5,61.07,2025-01-15
M00626,P2534,43,5,208.58,2025/03/10
M00627,P0158,36,0,166.33,2025-01-15
M00628,P1562,0,4,59.93,Apr 12 2025
M00629,P3149,145,0,195.69,2025-01-15
M00630,P2309,139,0,53.36,Apr 12 2025
M00631,P3839,146,5,115.63,Apr 12 2025
M00632,P1842,60,5,133.4,2025/03/10
M00633,P1414,116,3,206.3,15/02/2025
M00634,P1861,137,2,88.05,2025/03/10
M00635,P2610,44,3,219.85,15/02/2025
M00636,P1508,5,3,186.93,15/02/2025
M00637,P0175,117,3,170.82,15/02/2025
M00638,P1648,32,6,156.5,15/02/2025
M00639,P3858,103,3,200.22,Apr 12 2025
M00640,P3005,115,3,211.9,Apr 12 2025
M00641,P1490,86,2,163.11,15/02/2025
M00642,P2963,135,1,91.82,15/02/2025
M00643,P2329,49,6,173.98,2025/03/10
M00644,P3688,118,4,196.61,Apr 12 2025
M00645,P1536,78,1,116.78,Apr 12 2025
M00646,P0446,138,5,126.89,Apr 12 2025
M00647,P0209,51,1,107.41,15/02/2025
M00648,P2702,98,4,123.4,Apr 12 2025
M00649,P0098,52,3,146.46,15/02/2025
M00650,P1120,144,6,76.5,Apr 12 2025
M00651,P2356,50,1,119.92,Apr 12 2025
M00652,P1007,33,6,208.31,2025/03/10
M00653,P2501,135,5,156.77,2025-01-15
M00654,P2770,24,6,61.11,2025-01-15
M00655,P0036,13,2,194.94,2025/03/10
M00656,P3816,91,1,176.41,15/02/2025
M00657,P1260,16,2,155.95,2025/03/10
M00658,P2390,114,3,107.57,15/02/2025
M00659,P1187,77,0,186.4,15/02/2025
M00660,P3690,38,1,120.58,Apr 12 2025
M00661,P0649,143,4,156.88,2025/03/10
M00662,P2827,63,0,162.86,15/02/2025
M00663,P3725,113,0,178.46,15/02/2025
M00664,P3606,97,3,114.49,15/02/2025
M00665,P3143,5,4,166.98,2025/03/10
M00666,P3814,112,4,147.22,Apr 12 2025
M00667,P3662,5,3,210.92,2025/03/10
M00668,P3628,86,0,200.7,2025-01-15
M00669,P0726,34,4,101.02,Apr 12 2025
M00670,P3756,38,0,218.79,15/02/2025
M00671,P2598,82,2,170.94,2025-01-15
M00672,P1453,126,0,155.72,Apr 12 2025
M00673,P0693,93,6,92.96,2025/03/10
M00674,P2132,6,3,104.16,15/02/2025
M00675,P0214,61,5,102.13,Apr 12 2025
M00676,P1774,86,0,96.38,Apr 12 2025
M00677,P2701,20,2,143.72,15/02/2025
M00678,P3572,2,5,147.52,2025/03/10
M00679,P1560,51,3,114.6,2025-01-15
M00680,P2848,69,5,113.77,2025/03/10
M00681,P3290,131,6,218.92,Apr 12 2025
M00682,P1668,87,1,210.29,2025/03/10
M00683,P2263,49,3,97.88,2025-01-15
M00684,P3742,115,5,64.42,2025/03/10
M00685,P3529,130,0,53.91,15/02/2025
M00686,P3303,27,1,62.65,2025/03/10
M00687,P0267,39,4,186.25,2025-01-15
M00688,P3538,19,0,172.93,2025/03/10
M00689,P3565,18,1,149.07,Apr 12 2025
M00690,P2585,84,6,163.04,2025-01-15
M00691,P0231,35,1,206.06,2025-01-15
M00692,P0761,23,5,211.74,2025-01-15
M00693,P1774,59,1,58.5,2025-01-15
M00694,P1585,82,5,139.99,Apr 12 2025
M00695,P3349,50,5,217.95,15/02/2025
M00696,P1922,73,5,164.95,2025-01-15
M00697,P1813,47,4,51.07,15/02/2025
M00698,P0810,67,1,199.29,15/02/2025
M00699,P2868,31,5,179.48,15/02/2025
M00700,P0767,82,6,218.64,15/02/2025
M00701,P1617,75,4,120.09,2025/03/10
M00702,P0894,109,2,190.16,15/02/2025
M00703,P2174,1,5,201.39,2025/03/10
M00704,P1153,41,0,60.48,Apr 12 2025
M00705,P1410,15,4,178.46,Apr 12 2025
M00706,P0328,114,0,216.12,2025-01-15
M00707,P1305,150,6,205.78,2025/03/10
M00708,P2860,16,4,94.61,2025/03/10
M00709,P1847,91,5,187.86,2025/03/10
M00710,P2047,76,6,133.14,15/02/2025
M00711,P0935,150,1,57.26,2025/03/10
M00712,P1679,119,3,105.14,Apr 12 2025
M00713,P1900,118,3,75.96,Apr 12 2025
M00714,P1719,6,6,73.7,2025/03/10
M00715,P1563,38,3,112.17,Apr 12 2025
M00716,P3242,44,1,150.8,15/02/2025
M00717,P0889,24,0,116.52,15/02/2025
M00718,P1110,86,1,53.69,Apr 12 2025
M00719,P0649,77,6,212.38,2025/03/10
M00720,P0933,48,3,153.16,Apr 12 2025
M00721,P1773,111,6,77.17,2025-01-15
M00722,P1448,27,0,212.0,Apr 12 2025
M00723,P2490,74,1,89.98,Apr 12 2025
M00724,P3292,55,3,133.39,2025/03/10
M00725,P2587,40,2,157.18,Apr 12 2025
M00726,P2506,31,4,72.0,2025/03/10
M00727,P1398,95,6,167.05,15/02/2025
M00728,P1514,144,3,60.73,Apr 12 2025
M00729,P1516,106,1,85.61,2025/03/10
M00730,P2820,59,6,203.43,Apr 12 2025
M00731,P3223,71,4,107.93,2025/03/10
M00732,P2861,49,1,214.13,15/02/2025
M00733,P2901,60,6,189.34,Apr 12 2025
M00734,P2308,120,0,103.29,2025-01-15
M00735,P1574,37,4,104.68,Apr 12 2025
M00736,P1896,68,0,126.41,15/02/2025
M00737,P3242,70,5,74.32,2025-01-15
M00738,P1941,63,1,157.62,2025/03/10
M00739,P1459,123,4,74.84,2025/03/10
M00740,P1311,124,2,152.81,15/02/2025
M00741,P3376,48,4,152.86,2025/03/10
M00742,P3005,15,5,200.41,2025/03/10
M00743,P1017,96,3,169.11,2025-01-15
M00744,P1222,66,1,74.49,2025-01-15
M00745,P0119,107,0,112.67,15/02/2025
M00746,P1830,97,4,76.69,Apr 12 2025
M00747,P3107,80,0,209.27,Apr 12 2025
M00748,P1131,50,5,153.11,2025/03/10
M00749,P0668,150,1,104.88,2025-01-15
M00750,P0508,13,6,105.51,Apr 12 2025
M00751,P1511,36,2,191.41,Apr 12 2025
M00752,P2254,6,5,123.82,2025/03/10
M00753,P1621,45,2,154.22,2025-01-15
M00754,P2637,72,2,146.15,2025-01-15
M00755,P3618,130,0,172.87,15/02/2025
M00756,P2035,16,0,73.78,2025-01-15
M00757,P2142,41,5,89.95,2025/03/10
M00758,P1463,86,0,120.15,2025-01-15
M00759,P2018,102,4,60.57,Apr 12 2025
M00760,P2629,101,5,76.35,2025-01-15
M00761,P3336,53,3,77.04,2025/03/10
M00762,P0932,61,0,159.61,2025-01-15
M00763,P0215,57,3,57.21,15/02/2025
M00764,P3107,59,1,212.25,15/02/2025
M00765,P2051,81,2,115.88,Apr 12 2025
M00766,P0079,130,6,99.24,2025-01-15
M00767,P2743,106,4,61.55,15/02/2025
M00768,P2416,9,1,89.02,Apr 12 2025
M00769,P0030,89,5,63.71,2025/03/10
M00770,P2086,42,3,86.17,2025-01-15
M00771,P3749,72,2,144.56,Apr 12 2025
M00772,P0655,51,6,153.3,2025/03/10
M00773,P0802,83,2,116.75,2025/03/10
M00774,P1850,7,3,152.57,Apr 12 2025
M00775,P0839,47,0,57.08,2025-01-15
M00776,P3043,52,1,179.16,2025/03/10
M00777,P3412,54,4,189.04,2025/03/10
M00778,P1900,13,5,156.44,2025/03/10
M00779,P0889,130,0,102.68,15/02/2025
M00780,P3398,46,6,106.77,Apr 12 2025
M00781,P3879,99,5,105.65,Apr 12 2025
M00782,P2466,42,3,131.63,2025/03/10
M00783,P3257,63,0,154.78,2025-01-15
M00784,P3493,7,4,58.5,2025-01-15
M00785,P3879,70,0,101.59,Apr 12 2025
M00786,P2985,145,1,66.53,2025/03/10
M00787,P0882,48,3,176.11,2025/03/10
M00788,P0312,71,3,161.12,2025/03/10
M00789,P3156,8,0,101.35,2025/03/10
M00790,P1872,52,0,206.3,2025-01-15
M00791,P3606,121,1,52.44,2025-01-15
M00792,P2969,60,3,197.86,2025/03/10
M00793,P1107,5,5,145.75,2025-01-15
M00794,P2996,39,1,61.08,Apr 12 2025
M00795,P0123,9,3,123.52,Apr 12 2025
M00796,P1690,44,0,148.05,2025-01-15
M00797,P2690,16,6,198.98,2025/03/10
M00798,P2945,122,1,186.33,2025-01-15
M00799,P2750,69,6,81.97,Apr 12 2025
M00800,P3320,0,5,57.5,Apr 12 2025
M00801,P2290,125,6,89.36,2025-01-15
M00802,P1174,93,0,151.67,Apr 12 2025
M00803,P3362,120,4,77.86,2025/03/10
M00804,P2975,141,4,74.77,2025/03/10
M00805,P1668,44,4,118.3,Apr 12 2025
M00806,P1424,74,1,188.42,Apr 12 2025
M00807,P2768,138,3,111.26,Apr 12 2025
M00808,P0355,64,1,106.58,2025/03/10
M00809,P2644,119,3,178.13,15/02/2025
M00810,P3645,10,2,136.08,15/02/2025
M00811,P2453,87,4,157.56,15/02/2025
M00812,P3487,146,1,216.13,15/02/2025
M00813,P3378,101,0,189.99,2025-01-15
M00814,P2054,139,0,138.33,2025-01-15
M00815,P1044,140,5,210.19,15/02/2025
M00816,P2802,85,3,69.88,2025/03/10
M00817,P2247,101,4,161.67,Apr 12 2025
M00818,P0898,147,2,177.47,2025-01-15
M00819,P0925,116,1,191.84,15/02/2025
M00820,P2934,0,6,214.78,2025-01-15
M00821,P2029,36,0,168.14,2025/03/10
M00822,P0991,103,2,190.29,2025-01-15
M00823,P3898,48,0,52.76,2025/03/10
M00824,P0496,53,1,190.7,2025-01-15
M00825,P0275,64,3,211.67,Apr 12 2025
M00826,P3871,91,5,118.51,2025/03/10
M00827,P1406,99,2,85.44,Apr 12 2025
M00828,P2537,150,3,157.99,2025-01-15
M00829,P2782,125,0,135.0,2025/03/10
M00830,P0128,65,5,130.51,Apr 12 2025
M00831,P3084,137,6,66.66,2025/03/10
M00832,P3888,125,0,114.59,Apr 12 2025
M00833,P3110,22,3,92.87,2025-01-15
M00834,P0340,62,5,191.21,2025-01-15
M00835,P1863,97,5,107.36,Apr 12 2025
M00836,P0141,82,2,143.95,Apr 12 2025
M00837,P0888,105,0,51.75,15/02/2025
M00838,P2431,7,4,125.55,15/02/2025
M00839,P1898,70,5,146.06,2025-01-15
M00840,P1038,149,0,168.7,Apr 12 2025
M00841,P0713,115,2,195.1,2025-01-15
M00842,P1190,84,3,68.64,15/02/2025
M00843,P3430,19,1,131.96,15/02/2025
M00844,P0024,99,6,176.57,15/02/2025
M00845,P3165,96,0,101.39,15/02/2025
M00846,P1393,149,6,133.87,Apr 12 2025
M00847,P3312,29,0,77.95,15/02/2025
M00848,P3033,144,0,124.48,2025/03/10
M00849,P3254,110,0,170.43,2025/03/10
M00850,P2601,139,0,121.17,2025-01-15
M00851,P1143,111,4,169.35,2025-01-15
M00852,P0267,22,2,199.22,2025/03/10
M00853,P1945,102,4,206.28,15/02/2025
M00854,P0496,6,1,64.68,15/02/2025
M00855,P2723,50,3,162.18,2025/03/10
M00856,P2283,67,3,61.36,15/02/2025
M00857,P2385,105,0,145.14,15/02/2025
M00858,P0830,37,2,72.65,Apr 12 2025
M00859,P0046,95,0,136.73,2025-01-15
M00860,P0462,134,5,95.2,2025-01-15
M00861,P1243,35,2,206.52,Apr 12 2025
M00862,P3282,54,1,162.89,Apr 12 2025
M00863,P1961,54,0,79.31,2025-01-15
M00864,P0599,32,6,136.68,2025-01-15
M00865,P1957,131,0,146.25,15/02/2025
M00866,P2568,105,6,156.36,15/02/2025
M00867,P3392,67,3,60.14,Apr 12 2025
M00868,P0176,82,6,117.09,15/02/2025
M00869,P2752,95,3,126.47,15/02/2025
M00870,P3067,32,3,154.53,Apr 12 2025
M00871,P2647,40,1,151.83,2025/03/10
M00872,P2037,19,3,151.97,Apr 12 2025
M00873,P0272,143,0,169.76,15/02/2025
M00874,P3166,10,2,97.16,2025/03/10
M00875,P1903,87,2,192.18,2025/03/10
M00876,P3766,78,6,211.24,Apr 12 2025
M00877,P1582,150,5,145.23,15/02/2025
M00878,P1923,86,0,167.54,2025/03/10
M00879,P2183,132,4,157.33,2025/03/10
M00880,P2577,68,2,198.71,15/02/2025
M00881,P1283,82,1,146.22,2025/03/10
M00882,P1255,49,6,106.95,Apr 12 2025
M00883,P1141,67,4,122.05,15/02/2025
M00884,P3148,35,6,180.88,2025/03/10
M00885,P0779,92,5,142.27,2025/03/10
M00886,P0838,118,4,138.42,2025-01-15
M00887,P2968,74,5,91.99,2025/03/10
M00888,P0750,127,2,91.76,Apr 12 2025
M00889,P2938,69,4,128.04,2025/03/10
M00890,P0600,65,4,62.25,2025-01-15
M00891,P1543,140,3,50.56,15/02/2025
M00892,P3326,65,3,127.31,2025/03/10
M00893,P2094,145,3,83.86,2025-01-15
M00894,P1752,125,4,68.37,Apr 12 2025
M00895,P1585,80,0,73.75,2025-01-15
M00896,P1481,13,0,194.02,2025/03/10
M00897,P0441,140,4,95.63,2025-01-15
M00898,P3792,108,1,56.79,2025-01-15
M00899,P0041,28,2,216.06,2025/03/10
M00900,P1165,110,1,89.18,2025/03/10
M00901,P3801,141,2,192.93,15/02/2025
M00902,P0095,141,4,103.84,15/02/2025
M00903,P0704,98,1,142.09,2025-01-15
M00904,P0657,23,4,175.88,2025/03/10
M00905,P3316,124,0,66.27,Apr 12 2025
M00906,P0906,61,3,153.63,15/02/2025
M00907,P3759,56,2,68.26,15/02/2025
M00908,P2750,78,3,148.54,Apr 12 2025
M00909,P1828,54,1,67.06,2025-01-15
M00910,P1674,113,3,75.57,Apr 12 2025
M00911,P3485,97,0,142.01,2025/03/10
M00912,P0841,125,3,184.23,2025/03/10
M00913,P1320,5,3,136.29,Apr 12 2025
M00914,P3434,113,4,84.93,15/02/2025
M00915,P2882,19,4,192.28,Apr 12 2025
M00916,P0690,103,1,87.05,2025/03/10
M00917,P1660,70,1,171.54,15/02/2025
M00918,P1555,120,0,166.7,15/02/2025
M00919,P2644,16,3,171.22,2025-01-15
M00920,P1593,146,2,111.12,2025-01-15
M00921,P2011,111,5,125.71,Apr 12 2025
M00922,P0367,111,2,109.2,2025/03/10
M00923,P1502,66,3,76.88,15/02/2025
M00924,P3497,149,5,137.92,15/02/2025
M00925,P3465,9,3,111.98,15/02/2025
M00926,P0369,40,0,154.63,2025-01-15
M00927,P1026,20,4,208.44,Apr 12 2025
M00928,P0611,75,1,195.95,2025/03/10
M00929,P3568,47,1,119.61,15/02/2025
M00930,P2133,17,1,198.21,2025-01-15
M00931,P2346,45,2,143.15,Apr 12 2025
M00932,P3666,42,1,52.92,15/02/2025
M00933,P2469,19,0,181.38,2025/03/10
M00934,P3348,45,4,71.1,Apr 12 2025
M00935,P2267,94,5,80.42,15/02/2025
M00936,P1007,2,2,195.42,2025/03/10
M00937,P2103,5,4,135.77,2025-01-15
M00938,P1614,34,1,58.22,15/02/2025
M00939,P3468,33,1,196.49,2025/03/10
M00940,P2351,71,3,91.78,15/02/2025
M00941,P2910,28,5,92.2,2025-01-15
M00942,P0275,96,1,50.1,Apr 12 2025
M00943,P2167,125,5,178.22,Apr 12 2025
M00944,P3641,134,3,213.56,2025/03/10
M00945,P3222,147,5,192.4,Apr 12 2025
M00946,P3079,64,4,209.27,15/02/2025
M00947,P2061,127,1,186.82,15/02/2025
M00948,P0301,94,6,100.74,Apr 12 2025
M00949,P1568,96,2,113.52,2025/03/10
M00950,P1996,50,6,52.73,Apr 12 2025
M00951,P3175,37,3,197.08,15/02/2025
M00952,P2659,77,3,91.56,2025-01-15
M00953,P3689,58,3,93.0,Apr 12 2025
M00954,P1911,119,2,200.01,Apr 12 2025
M00955,P0535,106,0,91.71,15/02/2025
M00956,P3675,25,2,113.59,2025/03/10
M00957,P1906,98,5,198.26,2025-01-15
M00958,P2451,75,2,189.59,Apr 12 2025
M00959,P0166,122,0,109.92,15/02/2025
M00960,P1272,129,1,51.88,2025-01-15
M00961,P0598,143,2,60.18,15/02/2025
M00962,P2584,133,2,54.1,Apr 12 2025
M00963,P1369,117,2,155.7,2025/03/10
M00964,P1508,13,6,137.89,2025-01-15
M00965,P3619,112,6,132.88,2025-01-15
M00966,P2730,140,5,177.32,2025-01-15
M00967,P0629,96,2,162.3,Apr 12 2025
M00968,P2997,68,1,74.18,15/02/2025
M00969,P0382,98,2,117.05,2025-01-15
M00970,P0181,77,0,212.11,15/02/2025
M00971,P1714,145,1,120.99,15/02/2025
M00972,P1749,140,4,93.38,15/02/2025
M00973,P0003,16,1,196.0,2025/03/10
M00974,P2979,123,6,61.24,Apr 12 2025
M00975,P3749,42,5,133.89,2025-01-15
M00976,P2742,117,6,202.9,2025/03/10
M00977,P3485,120,2,148.1,2025/03/10
M00978,P2587,83,4,76.45,2025/03/10
M00979,P3303,62,1,188.54,Apr 12 2025
M00980,P1980,69,2,209.79,2025/03/10
M00981,P2044,103,0,211.86,2025/03/10
M00982,P3284,65,0,190.09,15/02/2025
M00983,P3460,56,1,128.94,15/02/2025
M00984,P3794,25,5,142.18,2025/03/10
M00985,P1691,102,3,146.32,2025/03/10
M00986,P0333,62,1,155.92,2025-01-15
M00987,P3175,80,0,124.06,Apr 12 2025
M00988,P0631,106,3,216.32,2025/03/10
M00989,P3841,94,0,102.36,Apr 12 2025
M00990,P3601,125,3,150.03,Apr 12 2025
M00991,P1762,60,2,91.35,15/02/2025
M00992,P1377,40,4,105.61,Apr 12 2025
M00993,P3495,21,0,63.96,2025-01-15
M00994,P0615,138,3,133.75,2025-01-15
M00995,P3828,38,0,50.35,15/02/2025
M00996,P0134,34,2,217.23,2025/03/10
M00997,P2781,91,5,147.24,2025-01-15
M00998,P0677,79,2,67.0,2025-01-15
M00999,P0162,0,6,206.83,15/02/2025
M01000,P3675,100,6,218.89,2025-01-15
M01001,P1095,74,4,192.26,2025-01-15
M01002,P3408,72,1,61.04,2025/03/10
M01003,P0645,131,0,134.39,15/02/2025
M01004,P2823,72,0,116.88,2025/03/10
M01005,P2724,41,5,130.35,Apr 12 2025
M01006,P1470,130,2,99.92,Apr 12 2025
M01007,P1713,60,6,217.38,2025/03/10
M01008,P2729,83,1,90.92,15/02/2025
M01009,P2881,39,0,63.51,2025-01-15
M01010,P0605,27,3,71.44,2025-01-15
M01011,P1158,85,5,104.39,15/02/2025
M01012,P2944,123,3,119.68,2025/03/10
M01013,P3840,53,3,161.55,2025/03/10
M01014,P0642,100,1,108.66,2025-01-15
M01015,P0129,64,3,81.72,Apr 12 2025
M01016,P1899,101,6,170.55,2025/03/10
M01017,P1842,34,6,105.57,Apr 12 2025
M01018,P2697,80,6,146.32,15/02/2025
M01019,P0031,42,2,120.69,Apr 12 2025
M01020,P3587,85,1,57.14,15/02/2025
M01021,P0984,131,4,134.21,2025/03/10
M01022,P3717,51,5,80.69,2025-01-15
M01023,P3158,2,5,111.32,2025/03/10
M01024,P3278,95,2,50.47,Apr 12 2025
M01025,P3161,128,1,85.88,2025/03/10
M01026,P2787,129,2,140.25,15/02/2025
M01027,P1782,10,3,213.9,2025/03/10
M01028,P2207,116,0,98.36,2025-01-15
M01029,P1669,150,5,214.06,2025-01-15
M01030,P1944,106,3,205.4,15/02/2025
M01031,P3781,80,6,150.45,Apr 12 2025
M01032,P1085,76,5,194.87,15/02/2025
M01033,P2738,148,2,117.12,2025-01-15
M01034,P2174,58,0,87.71,Apr 12 2025
M01035,P0979,101,0,123.1,2025-01-15
M01036,P3287,70,4,188.45,Apr 12 2025
M01037,P0067,128,6,211.94,2025/03/10
M01038,P3150,13,3,218.11,15/02/2025
M01039,P2188,141,2,182.54,15/02/2025
M01040,P3792,99,4,173.37,15/02/2025
M01041,P2233,51,0,166.46,2025-01-15
M01042,P1347,62,3,53.52,15/02/2025
M01043,P3814,66,1,161.77,2025/03/10
M01044,P1703,41,3,84.7,15/02/2025
M01045,P1481,24,6,208.4,2025/03/10
M01046,P2222,140,5,61.66,15/02/2025
M01047,P3577,31,6,209.31,15/02/2025
M01048,P0271,69,1,69.27,Apr 12 2025
M01049,P1383,31,4,180.22,Apr 12 2025
M01050,P2093,31,3,163.56,2025/03/10
M01051,P3218,21,2,184.13,2025/03/10
M01052,P0723,99,6,82.18,2025/03/10
M01053,P2971,4,4,186.74,2025-01-15
M01054,P0260,41,1,108.16,15/02/2025
M01055,P1961,89,0,107.83,Apr 12 2025
M01056,P3247,110,0,187.24,Apr 12 2025
M01057,P0870,42,1,155.58,Apr 12 2025
M01058,P3169,150,5,168.55,15/02/2025
M01059,P3419,126,4,181.04,Apr 12 2025
M01060,P1320,94,1,202.99,2025-01-15
M01061,P1856,48,0,147.06,2025-01-15
M01062,P2723,95,5,107.58,2025-01-15
M01063,P1291,118,0,72.79,2025-01-15
M01064,P2436,133,4,180.24,15/02/2025
M01065,P1940,126,4,219.34,2025/03/10
M01066,P0491,8,6,191.99,2025/03/10
M01067,P1008,79,4,189.77,2025/03/10
M01068,P0160,27,0,209.64,15/02/2025
M01069,P2851,66,6,114.53,15/02/2025
M01070,P1150,87,6,120.05,2025-01-15
M01071,P2175,93,0,134.71,2025/03/10
M01072,P1667,5,0,216.81,2025/03/10
M01073,P0757,23,6,73.36,2025-01-15
M01074,P1485,29,0,215.69,2025/03/10
M01075,P1304,31,1,147.99,2025-01-15
M01076,P0949,12,2,102.95,2025-01-15
M01077,P3325,140,4,197.95,2025/03/10
M01078,P3713,141,5,100.58,Apr 12 2025
M01079,P3082,10,2,206.2,Apr 12 2025
M01080,P0381,85,2,175.99,15/02/2025
M01081,P0282,24,4,50.68,Apr 12 2025
M01082,P0175,120,6,111.39,2025-01-15
M01083,P1083,40,4,209.74,15/02/2025
M01084,P0336,85,1,81.47,2025-01-15
M01085,P2584,4,3,87.13,15/02/2025
M01086,P0694,130,1,218.24,2025-01-15
M01087,P2792,133,2,148.04,15/02/2025
M01088,P2018,140,1,60.09,15/02/2025
M01089,P2512,99,1,190.25,2025/03/10
M01090,P1411,34,3,215.53,Apr 12 2025
M01091,P3731,148,2,95.79,2025-01-15
M01092,P2896,107,2,160.22,Apr 12 2025
M01093,P0006,29,3,150.43,2025/03/10
M01094,P2832,32,4,81.34,2025-01-15
M01095,P2749,63,1,170.88,15/02/2025
M01096,P1024,11,5,62.27,Apr 12 2025
M01097,P0545,55,2,213.1,2025-01-15
M01098,P2670,53,5,68.83,2025-01-15
M01099,P1694,27,2,85.08,15/02/2025
M01100,P0603,31,6,112.69,Apr 12 2025
M01101,P1552,132,5,96.76,15/02/2025
M01102,P3514,37,1,116.17,15/02/2025
M01103,P3564,62,3,133.12,2025/03/10
M01104,P1792,12,2,50.52,Apr 12 2025
M01105,P0650,15,6,201.12,2025-01-15
M01106,P3066,117,4,99.14,Apr 12 2025
M01107,P0453,73,1,98.19,15/02/2025
M01108,P1746,3,3,183.57,2025-01-15
M01109,P2403,116,2,101.54,15/02/2025
M01110,P1841,51,5,196.85,Apr 12 2025
M01111,P1600,69,1,131.66,Apr 12 2025
M01112,P3707,34,0,182.77,Apr 12 2025
M01113,P1576,56,4,136.65,15/02/2025
M01114,P0450,68,5,113.04,2025/03/10
M01115,P2826,25,2,196.54,2025/03/10
M01116,P3058,103,0,60.7,2025-01-15
M01117,P0989,72,2,187.65,15/02/2025
M01118,P2571,127,4,50.57,2025-01-15
M01119,P1341,141,3,146.55,2025-01-15
M01120,P1971,49,1,68.44,2025/03/10
M01121,P2953,108,2,168.32,2025/03/10
M01122,P2402,51,5,118.33,2025/03/10
M01123,P0394,97,3,156.19,15/02/2025
M01124,P1331,11,6,107.15,Apr 12 2025
M01125,P3109,61,4,106.68,15/02/2025
M01126,P1765,143,0,167.25,2025-01-15
M01127,P2315,35,1,119.83,2025-01-15
M01128,P0840,119,3,140.95,2025-01-15
M01129,P0421,140,3,172.13,15/02/2025
M01130,P3023,54,1,113.05,2025-01-15
M01131,P1051,2,4,119.55,2025/03/10
M01132,P2634,150,3,201.83,2025-01-15
M01133,P1396,60,4,70.19,2025/03/10
M01134,P3241,137,5,156.95,15/02/2025
M01135,P0181,121,5,97.1,15/02/2025
M01136,P2693,1,6,133.22,15/02/2025
M01137,P3260,105,2,67.02,15/02/2025
M01138,P3789,147,2,50.02,2025/03/10
M01139,P3829,91,6,126.9,15/02/2025
M01140,P0111,24,5,147.19,2025/03/10
M01141,P0789,44,6,76.68,2025-01-15
M01142,P3001,45,1,190.64,15/02/2025
M01143,P0544,75,3,60.42,Apr 12 2025
M01144,P0925,34,0,70.04,15/02/2025
M01145,P1502,76,6,166.75,15/02/2025
M01146,P2818,16,6,203.2,Apr 12 2025
M01147,P1549,1,1,113.67,15/02/2025
M01148,P2804,107,0,64.42,15/02/2025
M01149,P0868,18,1,120.56,Apr 12 2025
M01150,P0940,42,2,171.33,2025/03/10
M01151,P3631,115,1,190.89,15/02/2025
M01152,P1840,108,1,153.86,Apr 12 2025
M01153,P1144,80,2,153.07,2025-01-15
M01154,P0804,103,2,113.84,Apr 12 2025
M01155,P3799,23,6,148.84,15/02/2025
M01156,P3690,13,1,175.29,2025-01-15
M01157,P2295,122,3,204.59,15/02/2025
M01158,P0217,132,1,141.63,15/02/2025
M01159,P3273,32,1,204.36,2025-01-15
M01160,P0990,137,4,64.21,2025-01-15
M01161,P1064,66,2,143.31,15/02/2025
M01162,P0181,109,3,194.54,15/02/2025
M01163,P0573,56,5,158.16,15/02/2025
M01164,P2560,113,0,121.76,2025-01-15
M01165,P3022,82,3,77.99,2025/03/10
M01166,P3471,86,0,55.63,2025-01-15
M01167,P3196,6,6,163.03,2025-01-15
M01168,P3535,7,0,104.82,2025-01-15
M01169,P0339,48,3,212.03,2025-01-15
M01170,P1799,137,5,113.16,2025-01-15
M01171,P2946,38,2,103.18,2025-01-15
M01172,P3256,129,5,99.28,2025/03/10
M01173,P1069,40,0,142.78,15/02/2025
M01174,P2460,147,4,131.05,Apr 12 2025
M01175,P2140,19,1,79.87,2025/03/10
M01176,P2054,10,2,114.51,2025-01-15
M01177,P2078,111,3,54.46,2025-01-15
M01178,P0012,66,1,114.24,2025/03/10
M01179,P0364,92,5,137.7,15/02/2025
M01180,P1660,96,4,70.9,Apr 12 2025
M01181,P0612,68,4,88.73,2025/03/10
M01182,P1514,12,2,102.72,15/02/2025
M01183,P3216,147,3,174.03,2025-01-15
M01184,P2561,120,0,119.14,15/02/2025
M01185,P1681,142,3,155.08,2025-01-15
M01186,P3164,134,1,71.38,2025-01-15
M01187,P1097,12,0,197.09,2025/03/10
M01188,P3420,135,0,201.33,2025-01-15
M01189,P1072,66,6,159.44,Apr 12 2025
M01190,P2042,63,4,82.96,15/02/2025
M01191,P2165,16,3,95.53,15/02/2025
M01192,P2757,16,1,168.43,2025/03/10
M01193,P2974,43,4,147.14,2025/03/10
M01194,P1670,76,1,53.52,Apr 12 2025
M01195,P3099,33,2,172.78,Apr 12 2025
M01196,P0877,26,2,213.33,2025/03/10
M01197,P0337,118,6,56.93,Apr 12 2025
M01198,P1195,99,1,110.29,2025/03/10
M01199,P3104,74,6,198.49,15/02/2025
M01200,P1652,58,5,164.88,2025/03/10
M01201,P2227,47,2,82.58,2025-01-15
M01202,P2739,21,3,114.14,Apr 12 2025
M01203,P3245,71,6,99.4,2025-01-15
M01204,P3163,57,5,68.52,15/02/2025
M01205,P2278,128,4,80.34,2025/03/10
M01206,P1359,34,3,153.72,2025-01-15
M01207,P2760,87,0,99.25,2025-01-15
M01208,P3494,74,1,84.79,15/02/2025
M01209,P0856,90,1,190.85,2025/03/10
M01210,P2405,80,5,70.77,15/02/2025
M01211,P3305,36,6,67.37,2025-01-15
M01212,P2914,116,4,129.3,2025-01-15
M01213,P2230,12,4,215.85,15/02/2025
M01214,P2431,23,5,165.39,Apr 12 2025
M01215,P0888,34,3,159.48,15/02/2025
M01216,P0161,104,6,55.91,2025-01-15
M01217,P0344,129,3,178.93,2025/03/10
M01218,P1595,24,3,213.33,Apr 12 2025
M01219,P3191,141,5,196.88,2025-01-15
M01220,P0044,47,1,189.46,2025-01-15
M01221,P2401,27,2,182.37,2025-01-15
M01222,P2252,32,6,151.52,2025-01-15
M01223,P1002,96,2,130.29,Apr 12 2025
M01224,P1081,72,6,216.43,2025-01-15
M01225,P2969,106,0,199.99,15/02/2025
M01226,P1605,94,4,184.65,15/02/2025
M01227,P3629,14,0,102.91,2025-01-15
M01228,P3312,31,6,139.41,2025/03/10
M01229,P0446,138,2,88.39,Apr 12 2025
M01230,P2171,122,2,192.47,15/02/2025
M01231,P3099,104,1,79.0,15/02/2025
M01232,P3857,55,4,152.33,15/02/2025
M01233,P0302,61,3,96.75,2025/03/10
M01234,P1714,19,0,93.38,2025-01-15
M01235,P2849,75,1,138.35,Apr 12 2025
M01236,P3853,10,6,112.36,2025-01-15
M01237,P3187,86,1,133.7,Apr 12 2025
M01238,P1756,111,6,176.44,2025-01-15
M01239,P0478,32,3,182.65,2025-01-15
M01240,P3846,10,1,198.72,2025-01-15
M01241,P2131,52,2,116.4,2025-01-15
M01242,P3352,6,3,76.18,Apr 12 2025
M01243,P0298,82,5,86.19,15/02/2025
M01244,P3145,55,2,202.57,2025/03/10
M01245,P0214,110,4,143.55,Apr 12 2025
M01246,P2344,27,3,156.48,Apr 12 2025
M01247,P1739,143,5,203.41,15/02/2025
M01248,P2149,67,2,177.44,2025-01-15
M01249,P0475,61,2,202.38,2025-01-15
M01250,P3252,135,3,182.64,2025/03/10
M01251,P1223,60,3,196.68,15/02/2025
M01252,P1669,11,1,89.74,2025/03/10
M01253,P2518,31,0,67.42,2025/03/10
M01254,P1850,4,4,189.78,2025/03/10
M01255,P2313,148,5,61.02,2025/03/10
M01256,P1171,146,1,208.94,Apr 12 2025
M01257,P1046,149,6,78.15,Apr 12 2025
M01258,P3141,146,6,113.9,2025/03/10
M01259,P3401,141,5,152.79,Apr 12 2025
M01260,P0368,133,2,74.68,2025/03/10
M01261,P2373,98,5,211.83,15/02/2025
M01262,P0602,84,4,67.5,2025-01-15
M01263,P3164,128,2,146.81,15/02/2025
M01264,P0718,48,0,81.44,15/02/2025
M01265,P1206,36,6,214.75,Apr 12 2025
M01266,P2310,143,0,119.33,2025-01-15
M01267,P2286,121,1,117.66,2025-01-15
M01268,P1873,106,0,159.13,15/02/2025
M01269,P3070,55,2,145.48,15/02/2025
M01270,P2130,56,2,163.92,2025/03/10
M01271,P2664,62,4,73.55,2025-01-15
M01272,P3425,72,6,50.52,2025/03/10
M01273,P1670,30,1,203.38,Apr 12 2025
M01274,P1399,7,4,186.78,15/02/2025
M01275,P1664,91,4,165.01,Apr 12 2025
M01276,P2708,68,0,183.21,Apr 12 2025
M01277,P2347,96,2,119.18,2025-01-15
M01278,P3783,55,0,145.5,Apr 12 2025
M01279,P0403,37,6,82.35,2025/03/10
M01280,P2341,86,6,70.43,15/02/2025
M01281,P3184,68,3,142.05,15/02/2025
M01282,P2407,79,6,136.54,2025-01-15
M01283,P3501,7,6,213.07,Apr 12 2025
M01284,P3082,57,0,51.11,Apr 12 2025
M01285,P2460,100,3,60.64,2025-01-15
M01286,P0479,99,4,84.35,2025-01-15
M01287,P2738,49,6,154.02,2025-01-15
M01288,P0197,16,3,139.73,2025/03/10
M01289,P0329,75,5,153.11,2025/03/10
M01290,P0223,116,3,181.52,15/02/2025
M01291,P3572,149,3,159.15,15/02/2025
M01292,P0207,94,1,158.38,2025/03/10
M01293,P0069,126,3,125.26,2025/03/10
M01294,P1601,41,0,171.43,Apr 12 2025
M01295,P3627,35,5,118.55,Apr 12 2025
M01296,P2751,33,4,73.32,2025-01-15
M01297,P2276,23,5,198.32,Apr 12 2025
M01298,P3780,98,0,216.94,2025-01-15
M01299,P3151,67,0,117.54,2025/03/10
M01300,P0276,49,1,84.45,15/02/2025
M01301,P0366,33,2,110.84,15/02/2025
M01302,P0830,88,3,68.48,2025-01-15
M01303,P1902,2,1,194.42,15/02/2025
M01304,P2778,26,0,152.5,2025-01-15
M01305,P1556,28,1,177.56,15/02/2025
M01306,P3380,131,5,104.02,Apr 12 2025
M01307,P2031,139,4,215.99,Apr 12 2025
M01308,P0497,48,1,126.07,2025/03/10
M01309,P1258,67,4,58.36,15/02/2025
M01310,P3542,148,2,58.12,Apr 12 2025
M01311,P1205,130,0,215.42,2025-01-15
M01312,P1767,70,2,219.14,15/02/2025
M01313,P1851,52,5,92.52,2025-01-15
M01314,P1632,120,4,68.41,15/02/2025
M01315,P3708,118,5,184.46,15/02/2025
M01316,P3749,47,0,52.38,15/02/2025
M01317,P2618,23,3,202.03,15/02/2025
M01318,P0420,49,2,138.3,Apr 12 2025
M01319,P0703,146,4,107.82,Apr 12 2025
M01320,P3213,112,1,178.84,15/02/2025
M01321,P3583,138,1,199.03,15/02/2025
M01322,P2227,81,3,54.96,15/02/2025
M01323,P2345,115,5,53.9,Apr 12 2025
M01324,P1650,30,3,131.31,2025-01-15
M01325,P1650,127,1,203.05,15/02/2025
M01326,P3523,3,2,179.97,Apr 12 2025
M01327,P2215,36,0,162.01,15/02/2025
M01328,P0740,57,5,109.38,15/02/2025
M01329,P0354,100,5,198.49,2025/03/10
M01330,P0061,85,4,218.11,2025-01-15
M01331,P2813,67,3,146.8,2025-01-15
M01332,P2142,44,0,216.89,15/02/2025
M01333,P1341,145,3,214.72,2025-01-15
M01334,P2284,136,6,165.92,15/02/2025
M01335,P1762,138,2,183.17,2025-01-15
M01336,P0649,32,0,194.65,2025-01-15
M01337,P3897,58,5,193.1,Apr 12 2025
M01338,P2946,64,4,214.74,15/02/2025
M01339,P1222,86,6,175.02,2025-01-15
M01340,P2652,21,2,108.95,Apr 12 2025
M01341,P3319,9,5,161.32,2025-01-15
M01342,P1463,45,1,202.18,Apr 12 2025
M01343,P1834,99,3,83.32,15/02/2025
M01344,P0108,115,2,114.68,2025-01-15
M01345,P2516,16,5,156.73,Apr 12 2025
M01346,P2028,136,3,115.36,15/02/2025
M01347,P3511,147,3,135.99,15/02/2025
M01348,P3429,33,2,137.74,15/02/2025
M01349,P2024,9,6,159.36,2025/03/10
M01350,P2792,134,0,117.76,15/02/2025
M01351,P2795,60,2,58.82,2025/03/10
M01352,P3617,7,5,202.1,2025/03/10
M01353,P3095,99,3,173.71,2025/03/10
M01354,P2809,116,4,56.51,2025-01-15
M01355,P0688,71,4,79.9,2025/03/10
M01356,P3492,95,2,92.7,Apr 12 2025
M01357,P1887,100,1,73.86,2025/03/10
M01358,P0761,63,5,211.78,2025/03/10
M01359,P3234,100,6,197.28,15/02/2025
M01360,P2238,146,0,107.83,15/02/2025
M01361,P1068,20,5,165.69,2025/03/10
M01362,P0765,136,6,107.44,Apr 12 2025
M01363,P0729,87,3,78.51,15/02/2025
M01364,P1654,150,1,197.62,15/02/2025
M01365,P1407,135,4,182.89,2025/03/10
M01366,P0419,57,6,218.54,2025-01-15
M01367,P2294,100,2,112.19,Apr 12 2025
M01368,P2126,67,3,211.43,2025/03/10
M01369,P0065,82,6,132.92,2025/03/10
M01370,P3379,66,1,51.29,2025/03/10
M01371,P2573,30,5,201.96,2025-01-15
M01372,P3795,28,3,151.83,15/02/2025
M01373,P0193,50,4,191.61,2025/03/10
M01374,P2384,60,2,184.89,2025-01-15
M01375,P3435,93,1,117.07,2025-01-15
M01376,P1333,75,3,68.28,2025/03/10
M01377,P0829,27,1,173.92,2025/03/10
M01378,P2537,54,6,121.31,2025-01-15
M01379,P0976,109,3,194.77,2025-01-15
M01380,P0066,68,6,75.45,2025-01-15
M01381,P1162,22,0,181.98,15/02/2025
M01382,P1871,98,4,139.97,2025-01-15
M01383,P2852,134,3,145.45,15/02/2025
M01384,P3104,122,0,96.19,15/02/2025
M01385,P0963,131,4,144.83,2025/03/10
M01386,P1648,41,1,208.98,Apr 12 2025
M01387,P1705,14,2,196.89,Apr 12 2025
M01388,P3246,115,4,125.17,2025/03/10
M01389,P3534,42,1,133.76,2025/03/10
M01390,P2090,86,5,201.84,2025/03/10
M01391,P2218,86,5,150.01,2025/03/10
M01392,P3263,81,6,171.15,2025/03/10
M01393,P0729,128,1,101.77,2025-01-15
M01394,P0340,109,2,54.32,2025-01-15
M01395,P3615,10,0,76.51,2025/03/10
M01396,P1526,58,4,160.05,15/02/2025
M01397,P0298,60,1,159.25,2025-01-15
M01398,P3274,83,6,103.95,15/02/2025
M01399,P0023,82,2,131.69,15/02/2025
M01400,P2595,108,4,175.49,2025-01-15
M01401,P1163,77,2,194.69,Apr 12 2025
M01402,P1581,150,4,219.17,Apr 12 2025
M01403,P0591,127,6,167.36,15/02/2025
M01404,P1733,114,5,184.1,2025/03/10
M01405,P2635,105,1,176.97,15/02/2025
M01406,P1501,131,5,169.63,2025/03/10
M01407,P1180,53,0,139.39,15/02/2025
M01408,P2899,139,6,188.78,15/02/2025
M01409,P0780,16,1,84.03,15/02/2025
M01410,P3600,1,5,101.83,2025-01-15
M01411,P0242,96,5,51.38,2025-01-15
M01412,P2129,62,3,94.61,15/02/2025
M01413,P0836,141,3,108.65,15/02/2025
M01414,P3142,120,3,138.18,2025-01-15
M01415,P2725,116,1,183.78,2025/03/10
M01416,P1967,118,2,94.26,2025/03/10
M01417,P2303,68,3,73.06,15/02/2025
M01418,P3534,146,0,105.32,2025-01-15
M01419,P2093,116,3,202.94,15/02/2025
M01420,P2989,26,3,59.03,15/02/2025
M01421,P2943,112,0,159.72,15/02/2025
M01422,P0260,117,5,86.56,Apr 12 2025
M01423,P3225,55,4,161.42,15/02/2025
M01424,P3432,7,2,80.9,15/02/2025
M01425,P2362,145,4,86.4,Apr 12 2025
M01426,P3611,43,0,174.58,2025/03/10
M01427,P2693,149,0,158.86,15/02/2025
M01428,P2266,140,1,90.2,15/02/2025
M01429,P1332,93,5,213.91,15/02/2025
M01430,P1312,142,2,95.35,2025-01-15
M01431,P2004,118,5,176.42,Apr 12 2025
M01432,P0897,41,6,116.82,15/02/2025
M01433,P3859,5,4,106.55,2025/03/10
M01434,P2366,127,4,171.63,2025-01-15
M01435,P0740,114,4,190.23,Apr 12 2025
M01436,P0012,47,4,79.64,2025-01-15
M01437,P0664,14,2,91.9,Apr 12 2025
M01438,P3112,134,3,172.19,15/02/2025
M01439,P2009,83,1,148.53,15/02/2025
M01440,P0536,38,0,188.09,2025-01-15
M01441,P0552,93,3,173.96,2025-01-15
M01442,P2245,48,1,56.4,2025-01-15
M01443,P1087,141,3,153.12,Apr 12 2025
M01444,P2125,128,4,196.82,Apr 12 2025
M01445,P1431,53,5,175.8,2025/03/10
M01446,P2734,131,2,81.39,Apr 12 2025
M01447,P3786,15,6,192.44,2025-01-15
M01448,P0828,4,2,216.26,15/02/2025
M01449,P3779,99,5,63.94,2025/03/10
M01450,P0449,117,0,108.97,15/02/2025
M01451,P0861,146,6,65.91,15/02/2025
M01452,P2634,147,1,182.47,2025/03/10
M01453,P2720,6,0,101.47,Apr 12 2025
M01454,P1136,130,1,59.64,15/02/2025
M01455,P3735,1,4,120.65,Apr 12 2025
M01456,P0339,53,5,150.89,2025-01-15
M01457,P2494,29,1,117.63,15/02/2025
M01458,P2998,38,0,85.23,2025-01-15
M01459,P3551,117,3,129.31,15/02/2025
M01460,P0220,29,4,181.13,2025-01-15
M01461,P0475,28,3,118.46,15/02/2025
M01462,P3741,46,0,70.56,2025-01-15
M01463,P1829,34,5,108.3,Apr 12 2025
M01464,P3820,63,1,207.33,15/02/2025
M01465,P0152,75,4,82.72,Apr 12 2025
M01466,P1382,53,4,52.28,15/02/2025
M01467,P1866,77,6,138.57,15/02/2025
M01468,P3131,72,1,67.08,2025/03/10
M01469,P0094,142,5,117.11,15/02/2025
M01470,P3777,86,6,51.49,2025/03/10
M01471,P0552,38,4,98.74,15/02/2025
M01472,P0071,49,5,193.97,2025/03/10
M01473,P2956,97,6,184.47,2025-01-15
M01474,P3299,54,5,163.38,2025/03/10
M01475,P0526,149,3,189.99,2025-01-15
M01476,P0938,116,0,74.12,15/02/2025
M01477,P1737,91,4,105.53,2025/03/10
M01478,P1587,78,6,207.08,15/02/2025
M01479,P3467,6,2,210.06,15/02/2025
M01480,P0106,36,3,208.13,Apr 12 2025
M01481,P0505,92,4,77.53,15/02/2025
M01482,P2284,126,2,60.25,2025-01-15
M01483,P1815,21,3,122.45,2025-01-15
M01484,P1689,58,1,71.5,2025/03/10
M01485,P2176,27,2,104.3,15/02/2025
M01486,P3391,1,1,169.2,2025/03/10
M01487,P0133,63,0,71.2,2025/03/10
M01488,P3720,103,3,145.95,Apr 12 2025
M01489,P1510,108,6,102.4,2025-01-15
M01490,P1520,113,4,165.1,2025/03/10
M01491,P1524,72,3,193.4,15/02/2025
M01492,P1030,122,6,68.09,2025/03/10
M01493,P1892,111,0,68.8,2025-01-15
M01494,P3151,30,6,183.21,2025-01-15
M01495,P0159,53,0,187.04,Apr 12 2025
M01496,P2269,58,0,126.39,2025/03/10
M01497,P3128,23,3,77.52,2025-01-15
M01498,P2230,3,4,66.56,2025/03/10
M01499,P1835,27,1,150.77,2025-01-15
M01500,P1404,15,3,64.35,2025-01-15
M01501,P1674,115,0,91.91,Apr 12 2025
M01502,P2919,58,2,63.55,2025-01-15
M01503,P3331,73,2,214.89,2025/03/10
M01504,P2016,76,1,186.17,15/02/2025
M01505,P0468,50,0,52.96,Apr 12 2025
M01506,P0745,89,4,196.1,2025/03/10
M01507,P1831,109,5,123.01,2025/03/10
M01508,P2033,7,1,70.48,2025-01-15
M01509,P1368,50,5,186.62,15/02/2025
M01510,P2487,103,1,189.84,Apr 12 2025
M01511,P3777,65,6,124.37,Apr 12 2025
M01512,P1790,38,0,110.05,2025-01-15
M01513,P2149,61,6,73.5,Apr 12 2025
M01514,P0078,8,0,216.57,Apr 12 2025
M01515,P1700,108,0,102.8,2025/03/10
M01516,P2568,150,0,178.37,2025-01-15
M01517,P0208,114,4,132.56,Apr 12 2025
M01518,P0510,64,0,53.34,2025/03/10
M01519,P2399,60,4,180.61,2025-01-15
M01520,P3361,144,6,168.99,2025/03/10
M01521,P2352,0,2,92.38,2025-01-15
M01522,P1298,44,0,93.44,2025-01-15
M01523,P3309,150,2,159.92,Apr 12 2025
M01524,P3807,101,6,153.04,Apr 12 2025
M01525,P2617,57,5,61.07,Apr 12 2025
M01526,P2418,112,5,70.45,Apr 12 2025
M01527,P1566,142,5,99.74,Apr 12 2025
M01528,P3720,97,0,75.23,Apr 12 2025
M01529,P1175,12,3,131.58,2025/03/10
M01530,P1017,59,6,79.61,2025/03/10
M01531,P1790,46,1,175.28,2025/03/10
M01532,P2388,145,0,219.26,Apr 12 2025
M01533,P3306,3,0,170.95,2025/03/10
M01534,P0677,110,6,217.97,15/02/2025
M01535,P0108,54,3,58.67,Apr 12 2025
M01536,P3358,138,6,79.16,2025-01-15
M01537,P1683,14,6,76.92,2025-01-15
M01538,P2584,66,0,194.44,2025-01-15
M01539,P0964,94,5,169.31,Apr 12 2025
M01540,P3690,37,0,64.2,Apr 12 2025
M01541,P0092,137,4,156.41,2025/03/10
M01542,P3801,130,0,188.6,2025-01-15
M01543,P2239,102,2,101.7,15/02/2025
M01544,P0659,30,3,210.96,2025/03/10
M01545,P2138,131,5,207.61,Apr 12 2025
M01546,P2077,95,3,208.53,15/02/2025
M01547,P0253,6,2,141.82,Apr 12 2025
M01548,P1943,81,3,163.32,15/02/2025
M01549,P3450,48,3,145.78,2025/03/10
M01550,P2440,103,0,179.98,2025-01-15
M01551,P3827,40,4,201.47,2025/03/10
M01552,P3242,42,4,163.97,15/02/2025
M01553,P1898,100,4,210.36,Apr 12 2025
M01554,P2723,12,2,57.33,2025/03/10
M01555,P0940,30,2,203.8,2025-01-15
M01556,P3237,148,3,69.12,Apr 12 2025
M01557,P0181,126,4,159.2,15/02/2025
M01558,P1997,72,5,201.94,15/02/2025
M01559,P1366,96,2,68.19,Apr 12 2025
M01560,P2380,101,1,99.78,2025-01-15
M01561,P3625,107,5,158.74,Apr 12 2025
M01562,P1572,139,1,172.46,Apr 12 2025
M01563,P0105,68,3,136.99,15/02/2025
M01564,P0266,113,0,76.0,2025/03/10
M01565,P0419,98,1,77.17,2025/03/10
M01566,P2376,62,6,157.15,2025/03/10
M01567,P2223,139,1,50.06,15/02/2025
M01568,P1090,136,3,140.56,15/02/2025
M01569,P2516,10,3,73.37,2025/03/10
M01570,P1619,122,1,218.4,Apr 12 2025
M01571,P2466,147,0,122.24,2025-01-15
M01572,P0366,76,0,86.46,2025-01-15
M01573,P2403,63,2,162.4,15/02/2025
M01574,P3362,52,5,119.25,15/02/2025
M01575,P0874,121,5,119.3,2025-01-15
M01576,P1400,47,1,57.44,2025/03/10
M01577,P1316,142,4,66.05,2025/03/10
M01578,P3194,5,1,111.25,2025/03/10
M01579,P3074,77,3,74.59,2025-01-15
M01580,P2525,24,3,104.04,2025-01-15
M01581,P3576,49,5,99.16,2025-01-15
M01582,P3227,145,3,118.35,2025-01-15
M01583,P1926,123,5,61.11,15/02/2025
M01584,P2868,66,4,141.5,2025-01-15
M01585,P2240,138,5,50.48,Apr 12 2025
M01586,P1892,141,1,66.47,2025-01-15
M01587,P1814,69,3,137.89,2025-01-15
M01588,P3225,57,6,105.5,15/02/2025
M01589,P3765,100,5,114.01,2025/03/10
M01590,P2237,108,4,162.74,15/02/2025
M01591,P2863,148,3,168.4,Apr 12 2025
M01592,P1277,129,3,146.43,2025-01-15
M01593,P1341,87,4,94.41,2025/03/10
M01594,P3292,12,0,71.1,15/02/2025
M01595,P2959,46,0,193.62,Apr 12 2025
M01596,P1480,63,5,207.89,2025-01-15
M01597,P1439,29,0,130.66,Apr 12 2025
M01598,P2797,15,1,191.53,Apr 12 2025
M01599,P0849,107,2,92.25,15/02/2025
M01600,P0410,131,4,94.18,2025/03/10
M01601,P2456,14,3,132.54,2025-01-15
M01602,P0102,146,2,187.19,2025/03/10
M01603,P2173,148,2,80.42,2025/03/10
M01604,P3771,96,3,166.01,2025/03/10
M01605,P3218,142,4,123.93,Apr 12 2025
M01606,P1682,12,2,184.16,2025/03/10
M01607,P0663,3,6,184.39,2025/03/10
M01608,P1290,108,6,111.91,Apr 12 2025
M01609,P1393,137,0,147.11,2025/03/10
M01610,P3146,81,1,82.69,2025-01-15
M01611,P1742,33,1,195.7,2025/03/10
M01612,P1058,103,3,183.16,15/02/2025
M01613,P3156,107,2,169.1,2025-01-15
M01614,P0445,101,5,106.78,2025/03/10
M01615,P0938,13,0,168.11,Apr 12 2025
M01616,P0657,47,0,79.73,2025/03/10
M01617,P0742,115,3,213.94,Apr 12 2025
M01618,P2843,121,2,118.21,2025/03/10
M01619,P2512,17,3,54.72,2025-01-15
M01620,P0725,71,5,217.19,2025-01-15
M01621,P1526,128,6,212.61,Apr 12 2025
M01622,P0246,1,6,203.75,2025-01-15
M01623,P0444,121,4,137.77,Apr 12 2025
M01624,P1971,126,4,71.73,2025-01-15
M01625,P0709,147,4,200.02,2025/03/10
M01626,P1819,3,6,96.44,15/02/2025
M01627,P2943,104,6,94.73,15/02/2025
M01628,P2616,108,0,75.04,2025-01-15
M01629,P3767,42,0,84.66,2025/03/10
M01630,P0938,122,2,88.76,2025/03/10
M01631,P2853,150,5,115.6,2025-01-15
M01632,P1890,141,2,215.53,15/02/2025
M01633,P1510,67,4,79.72,15/02/2025
M01634,P0506,142,5,177.7,2025/03/10
M01635,P3599,64,2,185.48,2025/03/10
M01636,P0194,8,5,210.58,2025/03/10
M01637,P1252,94,2,160.88,2025/03/10
M01638,P3031,37,6,83.46,2025-01-15
M01639,P0457,35,1,76.21,Apr 12 2025
M01640,P1170,137,4,180.11,Apr 12 2025
M01641,P2795,21,3,124.53,Apr 12 2025
M01642,P3130,52,1,162.96,15/02/2025
M01643,P2005,43,0,82.58,Apr 12 2025
M01644,P2807,43,6,62.37,Apr 12 2025
M01645,P1449,3,5,142.29,2025-01-15
M01646,P2486,99,1,190.54,2025/03/10
M01647,P1348,49,0,115.72,15/02/2025
M01648,P1332,139,4,191.06,2025/03/10
M01649,P2557,58,2,194.12,2025/03/10
M01650,P0049,9,6,206.54,2025-01-15
M01651,P2109,17,5,198.34,Apr 12 2025
M01652,P1943,129,2,137.41,2025-01-15
M01653,P3452,108,2,218.11,2025/03/10
M01654,P1041,65,5,212.44,2025/03/10
M01655,P1073,109,0,190.39,15/02/2025
M01656,P3357,136,2,167.03,Apr 12 2025
M01657,P2469,55,3,169.78,2025-01-15
M01658,P0064,82,1,159.42,2025-01-15
M01659,P0603,137,3,213.26,2025/03/10
M01660,P3581,137,5,115.62,Apr 12 2025
M01661,P2402,135,4,181.99,2025-01-15
M01662,P1254,80,3,148.39,15/02/2025
M01663,P3431,122,0,96.62,Apr 12 2025
M01664,P2790,35,2,114.06,2025-01-15
M01665,P3319,22,6,173.91,Apr 12 2025
M01666,P2911,64,1,95.53,15/02/2025
M01667,P3407,142,5,88.49,Apr 12 2025
M01668,P0667,133,1,90.51,2025-01-15
M01669,P0619,28,5,162.12,Apr 12 2025
M01670,P0124,100,6,76.71,15/02/2025
M01671,P0707,132,6,137.5,2025-01-15
M01672,P2916,147,4,207.1,15/02/2025
M01673,P0597,31,0,188.76,2025-01-15
M01674,P0759,58,1,201.12,2025-01-15
M01675,P0259,133,3,128.42,Apr 12 2025
M01676,P0470,11,0,136.35,Apr 12 2025
M01677,P2929,98,0,51.9,2025-01-15
M01678,P3350,75,1,113.35,2025-01-15
M01679,P1183,15,5,89.99,2025/03/10
M01680,P3804,81,5,91.47,2025-01-15
M01681,P2416,130,6,58.05,Apr 12 2025
M01682,P1132,107,6,177.68,15/02/2025
M01683,P0799,80,2,119.47,2025/03/10
M01684,P3409,25,0,50.62,2025-01-15
M01685,P1873,103,1,50.6,2025/03/10
M01686,P3865,84,5,150.02,Apr 12 2025
M01687,P3417,19,2,53.32,2025-01-15
M01688,P1786,110,5,116.29,2025/03/10
M01689,P0377,18,0,203.85,Apr 12 2025
M01690,P3753,94,2,197.48,2025-01-15
M01691,P2884,57,2,50.27,Apr 12 2025
M01692,P2219,82,0,117.8,2025/03/10
M01693,P3164,120,0,138.87,2025-01-15
M01694,P1505,143,6,83.09,Apr 12 2025
M01695,P2246,51,2,144.17,Apr 12 2025
M01696,P2189,145,4,155.71,15/02/2025
M01697,P1591,117,6,52.62,15/02/2025
M01698,P2212,110,4,144.42,2025-01-15
M01699,P1936,135,5,162.27,Apr 12 2025
M01700,P3202,18,2,55.21,Apr 12 2025
M01701,P0740,92,3,193.46,Apr 12 2025
M01702,P3674,96,0,167.85,15/02/2025
M01703,P0519,5,0,72.56,2025/03/10
M01704,P1862,133,4,145.04,15/02/2025
M01705,P1558,3,2,216.22,2025-01-15
M01706,P3118,146,2,208.87,2025-01-15
M01707,P3212,118,2,107.05,2025/03/10
M01708,P0483,117,3,127.68,2025-01-15
M01709,P2749,35,3,100.46,15/02/2025
M01710,P3212,19,0,142.11,15/02/2025
M01711,P1149,23,4,171.17,Apr 12 2025
M01712,P3851,35,3,95.27,15/02/2025
M01713,P0578,122,2,137.08,2025-01-15
M01714,P1841,13,6,170.21,2025/03/10
M01715,P2954,93,2,205.76,2025-01-15
M01716,P3373,141,2,165.77,2025/03/10
M01717,P1992,11,2,123.97,15/02/2025
M01718,P0012,147,1,71.48,2025/03/10
M01719,P2036,0,5,147.67,2025-01-15
M01720,P0260,102,1,207.31,2025/03/10
M01721,P1680,70,0,128.09,15/02/2025
M01722,P3389,34,2,194.1,Apr 12 2025
M01723,P0728,128,1,206.32,2025/03/10
M01724,P3635,71,0,59.93,Apr 12 2025
M01725,P2131,132,1,77.36,2025/03/10
M01726,P2938,115,1,65.32,Apr 12 2025
M01727,P0297,99,4,207.11,2025/03/10
M01728,P0026,123,0,60.02,2025/03/10
M01729,P3863,143,5,168.66,2025-01-15
M01730,P0375,29,4,113.21,2025-01-15
M01731,P2501,45,6,128.85,2025-01-15
M01732,P3344,22,2,81.61,2025-01-15
M01733,P3062,11,5,111.66,Apr 12 2025
M01734,P0219,145,1,83.93,2025-01-15
M01735,P1894,18,6,123.13,2025/03/10
M01736,P2788,3,0,212.69,2025/03/10
M01737,P3712,22,4,147.58,2025/03/10
M01738,P2302,83,5,99.82,15/02/2025
M01739,P3267,145,4,129.62,15/02/2025
M01740,P3544,105,2,72.36,2025/03/10
M01741,P1143,120,6,69.65,2025-01-15
M01742,P2558,131,1,216.16,15/02/2025
M01743,P3297,79,6,141.53,15/02/2025
M01744,P3694,18,0,93.83,2025-01-15
M01745,P0630,90,6,145.45,Apr 12 2025
M01746,P0909,46,0,129.61,2025/03/10
M01747,P0874,92,3,93.53,15/02/2025
M01748,P1382,38,3,140.09,Apr 12 2025
M01749,P3531,69,4,124.02,Apr 12 2025
M01750,P1835,49,4,143.15,2025/03/10
M01751,P3650,76,4,135.57,2025/03/10
M01752,P0725,81,6,88.73,2025/03/10
M01753,P1663,35,4,58.06,2025/03/10
M01754,P0218,114,6,125.54,2025/03/10
M01755,P2887,12,3,111.22,2025/03/10
M01756,P1444,20,2,213.36,15/02/2025
M01757,P0844,144,1,173.96,2025-01-15
M01758,P2434,8,4,209.28,2025/03/10
M01759,P0439,10,3,156.92,2025/03/10
M01760,P2993,7,5,218.32,2025-01-15
M01761,P3644,59,0,211.68,2025-01-15
M01762,P1896,129,3,66.11,2025-01-15
M01763,P0583,84,6,100.14,Apr 12 2025
M01764,P2794,99,0,166.75,15/02/2025
M01765,P0689,6,3,171.9,2025/03/10
M01766,P3766,59,2,188.99,2025/03/10
M01767,P2862,21,5,80.11,2025-01-15
M01768,P3658,21,5,72.99,Apr 12 2025
M01769,P3691,80,6,184.96,2025/03/10
M01770,P3572,15,0,76.84,Apr 12 2025
M01771,P3112,12,0,104.32,2025/03/10
M01772,P0879,46,2,214.32,2025/03/10
M01773,P1803,86,0,124.47,2025-01-15
M01774,P3420,126,0,180.05,15/02/2025
M01775,P3460,33,3,151.14,2025-01-15
M01776,P3813,90,5,176.34,2025/03/10
M01777,P2638,7,1,163.29,2025-01-15
M01778,P0198,2,3,98.93,15/02/2025
M01779,P1246,3,1,167.3,2025-01-15
M01780,P0013,71,2,71.43,2025-01-15
M01781,P3598,54,3,57.75,2025/03/10
M01782,P0264,18,4,100.98,2025-01-15
M01783,P0907,86,4,154.82,15/02/2025
M01784,P2235,91,2,179.19,15/02/2025
M01785,P3725,95,5,146.4,15/02/2025
M01786,P0188,92,3,62.01,2025-01-15
M01787,P1670,124,4,209.9,2025-01-15
M01788,P2639,4,3,147.1,2025-01-15
M01789,P0302,139,3,171.91,Apr 12 2025
M01790,P1077,11,6,168.23,15/02/2025
M01791,P1962,128,2,168.05,15/02/2025
M01792,P2936,55,5,82.95,2025/03/10
M01793,P1257,148,5,213.74,2025/03/10
M01794,P3531,57,0,50.47,Apr 12 2025
M01795,P1878,96,6,194.17,15/02/2025
M01796,P1369,83,0,87.05,2025/03/10
M01797,P3394,2,0,133.85,Apr 12 2025
M01798,P1283,65,1,202.8,15/02/2025
M01799,P1171,27,3,141.33,15/02/2025
M01800,P2385,15,5,81.75,15/02/2025
M01801,P0897,56,2,106.28,2025-01-15
M01802,P0286,3,5,183.87,2025-01-15
M01803,P2635,107,6,165.05,2025/03/10
M01804,P1001,1,5,179.93,Apr 12 2025
M01805,P2091,64,1,52.37,2025-01-15
M01806,P0363,98,3,125.49,15/02/2025
M01807,P2525,1,2,202.39,2025/03/10
M01808,P3783,116,2,178.22,Apr 12 2025
M01809,P1325,144,6,81.63,15/02/2025
M01810,P2431,108,2,78.47,2025-01-15
M01811,P0946,61,3,164.08,15/02/2025
M01812,P3266,2,5,74.05,2025/03/10
M01813,P1449,133,1,63.22,Apr 12 2025
M01814,P1898,6,5,151.29,2025-01-15
M01815,P3717,113,0,65.44,2025/03/10
M01816,P3449,41,1,171.33,2025-01-15
M01817,P0742,48,3,169.07,15/02/2025
M01818,P0406,43,0,109.94,2025-01-15
M01819,P2140,146,3,172.87,2025/03/10
M01820,P2317,24,3,68.09,2025-01-15
M01821,P2061,111,1,141.04,2025/03/10
M01822,P2254,140,0,174.16,2025/03/10
M01823,P2331,118,5,215.38,15/02/2025
M01824,P2884,24,3,144.52,2025-01-15
M01825,P2904,12,6,218.71,2025/03/10
M01826,P3757,60,3,140.95,15/02/2025
M01827,P0276,140,3,153.47,15/02/2025
M01828,P2083,148,3,202.87,2025/03/10
M01829,P1359,79,6,59.08,2025-01-15
M01830,P2105,35,1,172.81,Apr 12 2025
M01831,P0666,0,0,80.2,15/02/2025
M01832,P2520,75,4,71.67,15/02/2025
M01833,P0555,39,0,92.83,2025/03/10
M01834,P1142,124,2,161.32,15/02/2025
M01835,P3787,134,5,68.65,Apr 12 2025
M01836,P1475,147,4,170.79,2025-01-15
M01837,P2758,32,5,156.64,2025-01-15
M01838,P0523,9,5,85.34,2025-01-15
M01839,P1135,38,1,194.9,15/02/2025
M01840,P2937,112,3,111.06,15/02/2025
M01841,P2849,26,1,113.4,15/02/2025
M01842,P0170,33,4,65.9,2025/03/10
M01843,P3631,12,3,93.09,15/02/2025
M01844,P0012,14,2,171.59,15/02/2025
M01845,P3830,112,3,128.13,Apr 12 2025
M01846,P3700,149,0,153.89,15/02/2025
M01847,P0541,18,5,53.9,15/02/2025
M01848,P2451,22,3,166.05,2025-01-15
M01849,P1924,76,3,197.08,2025-01-15
M01850,P3526,40,4,177.34,15/02/2025
M01851,P0489,7,2,92.15,2025/03/10
M01852,P0274,99,3,77.57,2025-01-15
M01853,P3283,51,0,121.37,2025-01-15
M01854,P2053,14,2,119.0,2025/03/10
M01855,P3446,106,6,214.85,Apr 12 2025
M01856,P1887,10,3,89.76,Apr 12 2025
M01857,P3809,39,0,146.96,Apr 12 2025
M01858,P1483,92,0,101.54,2025/03/10
M01859,P3190,65,2,161.52,Apr 12 2025
M01860,P1768,100,1,166.43,15/02/2025
M01861,P2938,57,4,120.86,2025-01-15
M01862,P1239,96,1,127.11,15/02/2025
M01863,P3468,43,3,72.9,2025-01-15
M01864,P0363,75,1,93.47,Apr 12 2025
M01865,P2726,35,6,175.6,2025/03/10
M01866,P1092,38,0,165.46,2025-01-15
M01867,P2187,126,4,211.56,2025-01-15
M01868,P3031,104,1,158.71,2025/03/10
M01869,P3717,21,5,152.13,Apr 12 2025
M01870,P1080,56,1,145.15,15/02/2025
M01871,P3635,34,5,214.17,2025/03/10
M01872,P3880,117,1,201.12,2025-01-15
M01873,P1494,136,1,88.24,2025/03/10
M01874,P3889,51,6,55.9,15/02/2025
M01875,P0318,20,5,191.86,Apr 12 2025
M01876,P1662,7,2,216.62,2025/03/10
M01877,P1515,119,6,173.72,2025/03/10
M01878,P2046,84,6,127.1,2025/03/10
M01879,P2957,85,1,111.28,15/02/2025
M01880,P1789,94,4,130.27,2025/03/10
M01881,P1610,98,5,151.09,Apr 12 2025
M01882,P3306,16,3,85.47,2025/03/10
M01883,P0519,20,1,108.35,2025/03/10
M01884,P0091,137,5,204.4,2025/03/10
M01885,P3791,78,4,64.88,2025/03/10
M01886,P0760,102,4,74.24,2025/03/10
M01887,P2359,97,3,101.35,Apr 12 2025
M01888,P0745,28,6,206.85,2025-01-15
M01889,P1857,70,1,90.73,2025-01-15
M01890,P1089,46,3,70.83,2025/03/10
M01891,P0216,67,5,142.56,15/02/2025
M01892,P1016,40,3,188.82,2025/03/10
M01893,P3182,81,2,86.29,2025-01-15
M01894,P1855,145,3,87.4,Apr 12 2025
M01895,P0926,26,5,203.62,2025-01-15
M01896,P2188,31,3,209.82,2025/03/10
M01897,P3768,42,1,208.43,2025-01-15
M01898,P1509,140,3,65.7,2025/03/10
M01899,P1304,40,1,111.67,2025/03/10
M01900,P3028,45,3,201.16,Apr 12 2025
M01901,P1064,68,6,165.65,Apr 12 2025
M01902,P0200,28,3,82.98,15/02/2025
M01903,P3563,6,5,139.94,2025/03/10
M01904,P3586,37,1,203.84,Apr 12 2025
M01905,P1856,33,4,123.1,2025/03/10
M01906,P1666,48,1,129.57,2025-01-15
M01907,P1142,15,5,190.66,2025/03/10
M01908,P3340,39,6,124.69,2025-01-15
M01909,P0101,94,2,160.34,2025-01-15
M01910,P0149,6,1,132.25,15/02/2025
M01911,P2988,32,0,102.56,2025/03/10
M01912,P1897,49,0,122.32,2025/03/10
M01913,P0929,146,5,184.6,15/02/2025
M01914,P3126,101,4,187.04,2025-01-15
M01915,P2025,42,0,83.74,15/02/2025
M01916,P1549,88,2,170.56,Apr 12 2025
M01917,P0721,6,4,159.63,Apr 12 2025
M01918,P3212,63,2,71.73,2025/03/10
M01919,P2521,90,6,201.85,15/02/2025
M01920,P3726,60,1,78.73,Apr 12 2025
M01921,P0930,48,4,152.58,15/02/2025
M01922,P0006,73,2,194.99,15/02/2025
M01923,P3203,90,1,71.96,Apr 12 2025
M01924,P1749,22,4,109.5,2025-01-15
M01925,P1924,101,0,204.26,Apr 12 2025
M01926,P0187,130,1,116.15,Apr 12 2025
M01927,P3228,30,6,135.96,15/02/2025
M01928,P3399,51,3,56.56,2025-01-15
M01929,P2013,31,1,117.39,2025/03/10
M01930,P2642,141,1,201.8,15/02/2025
M01931,P2893,22,6,133.81,Apr 12 2025
M01932,P3781,67,4,196.12,Apr 12 2025
M01933,P1960,51,2,125.24,2025/03/10
M01934,P0537,37,1,216.55,15/02/2025
M01935,P2830,39,1,211.89,2025-01-15
M01936,P2600,27,6,153.26,2025/03/10
M01937,P0631,88,4,218.37,15/02/2025
M01938,P2939,47,1,174.82,2025/03/10
M01939,P1659,14,3,81.12,2025/03/10
M01940,P0865,95,5,58.38,Apr 12 2025
M01941,P0993,122,6,185.79,2025-01-15
M01942,P3503,29,4,59.42,Apr 12 2025
M01943,P2801,125,2,67.77,15/02/2025
M01944,P0026,124,5,103.59,2025/03/10
M01945,P3163,31,5,145.49,15/02/2025
M01946,P0056,18,1,181.71,15/02/2025
M01947,P1644,14,4,183.37,Apr 12 2025
M01948,P0939,146,6,172.42,2025/03/10
M01949,P1582,16,2,174.18,Apr 12 2025
M01950,P0185,92,2,92.74,2025-01-15
M01951,P3274,44,5,162.15,2025/03/10
M01952,P0355,109,5,95.5,2025-01-15
M01953,P2320,87,2,122.81,2025-01-15
M01954,P2333,23,4,172.55,15/02/2025
M01955,P2421,82,3,143.01,2025/03/10
M01956,P3297,47,0,131.12,2025-01-15
M01957,P3323,35,0,93.12,Apr 12 2025
M01958,P0649,3,0,155.87,Apr 12 2025
M01959,P0394,34,5,162.48,15/02/2025
M01960,P1260,18,1,147.17,Apr 12 2025
M01961,P3711,103,3,140.44,Apr 12 2025
M01962,P1663,9,4,212.33,Apr 12 2025
M01963,P0884,18,1,122.48,Apr 12 2025
M01964,P0948,20,6,152.33,15/02/2025
M01965,P0541,112,5,116.2,2025-01-15
M01966,P1886,86,5,148.05,Apr 12 2025
M01967,P2658,139,3,109.91,15/02/2025
M01968,P3854,146,5,167.8,15/02/2025
M01969,P0473,23,5,180.89,2025/03/10
M01970,P1265,48,0,212.15,2025/03/10
M01971,P0745,59,0,74.6,15/02/2025
M01972,P0496,150,0,109.84,2025-01-15
M01973,P3173,89,3,187.28,2025/03/10
M01974,P1159,144,5,127.54,2025/03/10
M01975,P1966,1,5,58.49,15/02/2025
M01976,P1724,143,3,117.26,2025/03/10
M01977,P2232,111,3,118.16,Apr 12 2025
M01978,P2430,115,2,200.42,2025-01-15
M01979,P1720,51,3,201.39,Apr 12 2025
M01980,P2829,8,2,195.84,2025-01-15
M01981,P0095,104,1,110.01,15/02/2025
M01982,P1927,50,0,150.11,Apr 12 2025
M01983,P1116,144,3,154.8,Apr 12 2025
M01984,P1808,20,0,200.06,2025/03/10
M01985,P0563,145,5,114.63,2025/03/10
M01986,P0844,12,5,113.06,Apr 12 2025
M01987,P2946,2,1,112.56,2025-01-15
M01988,P0662,135,1,128.65,15/02/2025
M01989,P1748,76,1,217.87,2025/03/10
M01990,P2516,74,4,155.53,2025/03/10
M01991,P2506,100,2,206.84,Apr 12 2025
M01992,P2693,111,1,100.75,2025/03/10
M01993,P3088,67,6,203.19,2025/03/10
M01994,P3053,56,2,170.54,2025-01-15
M01995,P3243,78,4,70.62,15/02/2025
M01996,P3085,62,6,169.97,2025/03/10
M01997,P1130,148,3,98.47,2025/03/10
M01998,P3593,104,2,52.92,15/02/2025
M01999,P0599,57,0,150.86,Apr 12 2025
M02000,P0526,122,5,208.98,2025/03/10
M02001,P0409,63,1,67.61,2025-01-15
M02002,P3663,146,3,71.95,15/02/2025
M02003,P0472,122,6,57.37,2025/03/10
M02004,P1235,132,2,82.76,Apr 12 2025
M02005,P1518,86,3,186.06,15/02/2025
M02006,P3520,32,0,91.55,2025-01-15
M02007,P1237,71,4,123.58,2025/03/10
M02008,P1563,16,1,173.0,15/02/2025
M02009,P2321,13,6,54.66,2025/03/10
M02010,P0437,34,6,69.52,Apr 12 2025
M02011,P1366,100,6,110.56,Apr 12 2025
M02012,P0780,84,4,107.35,Apr 12 2025
M02013,P0010,142,3,215.04,2025-01-15
M02014,P3780,146,4,87.13,2025-01-15
M02015,P1070,92,4,100.72,2025/03/10
M02016,P2850,83,3,115.94,2025-01-15
M02017,P0297,57,4,143.62,2025-01-15
M02018,P3626,52,2,201.34,15/02/2025
M02019,P3395,104,1,208.57,15/02/2025
M02020,P0138,63,1,102.7,2025/03/10
M02021,P0751,67,3,85.35,2025-01-15
M02022,P0077,77,1,162.76,Apr 12 2025
M02023,P2067,101,6,189.66,2025-01-15
M02024,P0134,141,6,203.27,2025/03/10
M02025,P2912,36,4,196.26,Apr 12 2025
M02026,P3086,149,0,76.01,2025-01-15
M02027,P2649,124,3,201.18,2025-01-15
M02028,P1908,67,1,218.9,2025/03/10
M02029,P0852,81,0,76.38,2025/03/10
M02030,P3880,12,1,77.54,2025/03/10
M02031,P1730,100,2,80.8,2025/03/10
M02032,P2990,40,1,84.18,15/02/2025
M02033,P2555,59,0,73.17,15/02/2025
M02034,P1353,102,4,218.56,15/02/2025
M02035,P0838,2,1,53.73,15/02/2025
M02036,P1039,104,3,124.97,2025-01-15
M02037,P2746,109,6,127.57,2025-01-15
M02038,P1793,109,1,181.9,2025/03/10
M02039,P3076,80,1,202.77,2025-01-15
M02040,P0711,71,5,112.93,2025-01-15
M02041,P0321,44,1,174.9,2025/03/10
M02042,P3343,124,1,89.95,15/02/2025
M02043,P1110,33,0,71.6,2025/03/10
M02044,P1878,17,6,148.86,2025-01-15
M02045,P0373,116,5,77.72,15/02/2025
M02046,P2712,33,2,58.86,2025/03/10
M02047,P0240,112,6,199.37,Apr 12 2025
M02048,P3754,66,5,200.13,Apr 12 2025
M02049,P2989,26,6,205.95,Apr 12 2025
M02050,P1316,66,3,68.0,15/02/2025
M02051,P3792,67,0,115.67,15/02/2025
M02052,P2199,112,1,184.07,Apr 12 2025
M02053,P2577,37,2,135.98,2025-01-15
M02054,P0737,39,2,151.8,2025/03/10
M02055,P1579,100,6,140.74,2025/03/10
M02056,P3748,129,5,175.71,15/02/2025
M02057,P1989,63,5,81.9,2025-01-15
M02058,P3254,47,0,72.1,2025-01-15
M02059,P0194,30,4,127.84,2025-01-15
M02060,P0966,88,5,143.98,2025-01-15
M02061,P2743,18,3,195.36,Apr 12 2025
M02062,P1194,9,6,156.98,15/02/2025
M02063,P2451,38,2,67.61,2025/03/10
M02064,P2845,90,1,151.69,2025-01-15
M02065,P2024,26,1,79.84,Apr 12 2025
M02066,P3873,99,5,93.27,15/02/2025
M02067,P2284,116,1,77.8,2025/03/10
M02068,P3511,74,1,74.54,Apr 12 2025
M02069,P0722,96,5,104.49,2025/03/10
M02070,P2422,97,6,212.88,15/02/2025
M02071,P3032,0,5,141.73,15/02/2025
M02072,P0829,74,2,101.35,2025-01-15
M02073,P1249,128,6,138.16,2025/03/10
M02074,P0049,69,3,53.54,15/02/2025
M02075,P0043,95,4,166.13,2025/03/10
M02076,P0293,80,1,183.96,Apr 12 2025
M02077,P2036,65,4,169.34,15/02/2025
M02078,P1628,109,5,161.85,15/02/2025
M02079,P3882,81,3,89.64,15/02/2025
M02080,P1853,127,3,104.21,15/02/2025
M02081,P0656,91,4,76.11,Apr 12 2025
M02082,P0330,102,2,142.27,15/02/2025
M02083,P3316,34,0,161.2,15/02/2025
M02084,P0619,73,0,62.13,Apr 12 2025
M02085,P0895,10,1,150.54,2025/03/10
M02086,P3103,148,3,89.54,15/02/2025
M02087,P1898,39,5,119.46,2025/03/10
M02088,P2721,46,0,123.35,2025-01-15
M02089,P1374,66,4,137.44,2025/03/10
M02090,P0398,49,1,173.05,15/02/2025
M02091,P2682,137,6,194.73,2025-01-15
M02092,P1117,146,4,194.78,15/02/2025
M02093,P2886,40,0,189.22,2025-01-15
M02094,P0725,38,0,211.46,15/02/2025
M02095,P3204,19,2,177.36,2025-01-15
M02096,P2914,95,4,76.12,Apr 12 2025
M02097,P2226,106,4,134.92,Apr 12 2025
M02098,P1221,2,0,179.81,2025-01-15
M02099,P2175,83,2,144.57,2025-01-15
M02100,P1596,79,2,177.51,2025-01-15
M02101,P0175,99,1,146.9,Apr 12 2025
M02102,P1812,134,3,91.57,2025/03/10
M02103,P2134,83,6,175.25,Apr 12 2025
M02104,P2613,102,2,210.77,Apr 12 2025
M02105,P3068,79,6,176.71,Apr 12 2025
M02106,P2967,33,1,100.35,15/02/2025
M02107,P0458,36,5,208.13,15/02/2025
M02108,P0734,19,1,81.11,2025/03/10
M02109,P2827,16,0,98.33,2025/03/10
M02110,P2179,55,6,215.34,2025/03/10
M02111,P3002,124,4,205.9,2025-01-15
M02112,P0369,120,6,154.55,15/02/2025
M02113,P3381,104,4,153.6,2025/03/10
M02114,P2357,134,0,160.79,15/02/2025
M02115,P0455,140,0,59.69,Apr 12 2025
M02116,P1730,104,0,175.38,15/02/2025
M02117,P2893,0,0,50.92,15/02/2025
M02118,P3064,41,4,107.23,Apr 12 2025
M02119,P0773,24,0,104.7,2025-01-15
M02120,P1338,45,2,91.53,15/02/2025
M02121,P2253,0,2,144.04,15/02/2025
M02122,P3789,106,6,187.75,15/02/2025
M02123,P2704,144,6,153.95,2025-01-15
M02124,P1848,101,4,168.58,15/02/2025
M02125,P3370,117,6,124.15,15/02/2025
M02126,P3514,58,1,193.45,15/02/2025
M02127,P3613,128,4,201.8,15/02/2025
M02128,P0879,123,3,203.02,2025-01-15
M02129,P2072,86,5,69.39,Apr 12 2025
M02130,P0726,101,3,67.81,Apr 12 2025
M02131,P2262,78,6,68.47,2025-01-15
M02132,P0778,39,5,135.99,15/02/2025
M02133,P0824,57,5,153.49,2025-01-15
M02134,P2757,138,6,136.38,15/02/2025
M02135,P1431,47,3,175.32,2025-01-15
M02136,P2165,122,2,170.4,2025-01-15
M02137,P1664,123,3,115.56,2025-01-15
M02138,P1731,94,6,148.94,2025-01-15
M02139,P2601,137,4,67.08,2025/03/10
M02140,P1014,19,4,71.66,Apr 12 2025
M02141,P1679,29,3,206.1,2025-01-15
M02142,P1444,107,4,195.05,15/02/2025
M02143,P2217,76,2,162.33,15/02/2025
M02144,P3009,4,5,189.72,15/02/2025
M02145,P2874,100,3,112.67,Apr 12 2025
M02146,P2187,98,6,79.04,2025/03/10
M02147,P2355,24,1,105.02,15/02/2025
M02148,P1262,129,4,146.14,15/02/2025
M02149,P1407,83,1,152.4,Apr 12 2025
M02150,P2574,2,6,125.54,2025/03/10
M02151,P3632,34,4,196.48,2025-01-15
M02152,P1823,68,5,130.78,Apr 12 2025
M02153,P1733,77,0,179.96,Apr 12 2025
M02154,P1985,5,4,50.65,Apr 12 2025
M02155,P1258,127,2,145.06,2025/03/10
M02156,P1662,70,0,212.11,15/02/2025
M02157,P3288,129,6,101.39,Apr 12 2025
M02158,P1893,62,2,192.61,2025/03/10
M02159,P0845,102,5,148.86,2025-01-15
M02160,P1560,74,6,149.33,2025-01-15
M02161,P1087,74,2,51.68,15/02/2025
M02162,P2716,131,6,117.06,2025-01-15
M02163,P1339,43,0,192.07,2025-01-15
M02164,P0672,102,1,213.4,2025-01-15
M02165,P1625,102,2,143.99,2025-01-15
M02166,P0075,139,1,96.0,2025/03/10
M02167,P1469,133,0,180.93,2025-01-15
M02168,P2279,138,4,144.44,2025-01-15
M02169,P1352,123,2,163.35,15/02/2025
M02170,P2535,121,2,191.68,2025-01-15
M02171,P2267,88,3,217.32,15/02/2025
M02172,P0060,38,3,184.01,2025-01-15
M02173,P0194,0,1,57.81,2025/03/10
M02174,P2950,99,6,165.4,2025-01-15
M02175,P2426,91,5,84.56,2025/03/10
M02176,P1587,74,0,144.85,15/02/2025
M02177,P3382,112,4,163.04,2025/03/10
M02178,P1770,114,4,58.8,Apr 12 2025
M02179,P3744,4,5,70.11,Apr 12 2025
M02180,P0664,106,5,186.62,2025-01-15
M02181,P0463,52,3,113.3,2025-01-15
M02182,P0195,59,2,206.22,2025/03/10
M02183,P3890,64,1,152.25,2025-01-15
M02184,P1612,123,2,163.1,Apr 12 2025
M02185,P2289,102,6,205.81,15/02/2025
M02186,P1233,9,3,74.1,15/02/2025
M02187,P0479,82,2,153.92,Apr 12 2025
M02188,P3573,122,1,103.62,Apr 12 2025
M02189,P3147,45,1,209.62,15/02/2025
M02190,P0512,2,2,90.11,2025/03/10
M02191,P1801,7,2,134.81,Apr 12 2025
M02192,P3690,99,2,142.0,2025/03/10
M02193,P1526,57,4,124.3,15/02/2025
M02194,P0395,59,4,88.29,2025-01-15
M02195,P2004,20,1,98.87,2025/03/10
M02196,P0894,26,1,169.26,2025-01-15
M02197,P0014,63,3,71.71,15/02/2025
M02198,P3877,23,6,61.56,Apr 12 2025
M02199,P0971,36,5,214.88,Apr 12 2025
M02200,P0644,108,6,96.02,15/02/2025
M02201,P2530,88,4,104.57,2025/03/10
M02202,P2270,83,1,80.76,2025/03/10
M02203,P0698,88,1,171.18,2025/03/10
M02204,P0416,103,0,216.17,2025/03/10
M02205,P2004,94,4,64.29,2025-01-15
M02206,P0225,86,0,139.95,2025-01-15
M02207,P1488,78,4,65.77,Apr 12 2025
M02208,P1861,78,2,130.17,2025/03/10
M02209,P2616,54,2,181.3,2025/03/10
M02210,P1796,135,5,176.37,2025/03/10
M02211,P0460,118,0,110.59,2025/03/10
M02212,P2877,146,3,83.9,2025/03/10
M02213,P3471,52,0,106.67,Apr 12 2025
M02214,P2092,136,0,87.78,2025-01-15
M02215,P2171,55,3,64.13,2025-01-15
M02216,P2820,51,1,190.33,15/02/2025
M02217,P1750,9,4,130.65,15/02/2025
M02218,P3327,142,0,109.95,15/02/2025
M02219,P1966,139,3,83.37,2025/03/10
M02220,P3389,142,3,81.27,2025-01-15
M02221,P1284,46,0,125.68,2025/03/10
M02222,P1674,83,6,162.35,2025/03/10
M02223,P2986,57,3,188.07,2025-01-15
M02224,P0416,131,4,196.79,2025/03/10
M02225,P1741,122,1,99.73,Apr 12 2025
M02226,P2034,22,5,131.46,Apr 12 2025
M02227,P3824,41,4,187.54,2025-01-15
M02228,P1272,57,1,188.32,15/02/2025
M02229,P2408,147,2,201.07,Apr 12 2025
M02230,P1074,87,0,153.63,2025-01-15
M02231,P2825,9,0,58.2,2025/03/10
M02232,P1965,58,4,52.88,15/02/2025
M02233,P3411,87,1,66.18,2025-01-15
M02234,P2214,104,5,138.75,2025/03/10
M02235,P0698,75,3,97.08,2025/03/10
M02236,P2537,117,4,113.02,15/02/2025
M02237,P2299,94,6,181.77,Apr 12 2025
M02238,P1346,146,2,178.22,15/02/2025
M02239,P3873,132,5,68.9,2025-01-15
M02240,P0734,36,0,124.99,Apr 12 2025
M02241,P2995,137,4,162.26,2025-01-15
M02242,P3359,35,2,139.9,15/02/2025
M02243,P2619,115,0,128.56,2025/03/10
M02244,P3075,148,4,100.87,2025/03/10
M02245,P3791,84,6,66.81,2025/03/10
M02246,P3256,52,3,134.38,15/02/2025
M02247,P2143,100,4,67.82,15/02/2025
M02248,P2975,55,5,55.05,2025/03/10
M02249,P3081,111,6,141.18,2025-01-15
M02250,P2368,62,4,217.63,Apr 12 2025
M02251,P3418,137,0,96.77,2025/03/10
M02252,P2362,2,6,53.85,15/02/2025
M02253,P3414,26,3,129.56,2025-01-15
M02254,P1518,80,1,145.25,Apr 12 2025
M02255,P3788,108,4,85.31,2025/03/10
M02256,P0367,80,5,135.78,2025-01-15
M02257,P3091,118,5,52.02,2025/03/10
M02258,P0800,32,5,117.08,2025-01-15
M02259,P0500,147,1,183.84,2025-01-15
M02260,P0043,63,6,140.55,Apr 12 2025
M02261,P1260,34,5,197.24,2025/03/10
M02262,P0497,62,5,122.52,2025-01-15
M02263,P2827,135,2,190.48,2025-01-15
M02264,P3505,128,5,70.91,2025/03/10
M02265,P1343,15,1,100.89,Apr 12 2025
M02266,P0847,102,0,203.98,Apr 12 2025
M02267,P0843,97,6,118.35,Apr 12 2025
M02268,P0324,55,5,109.28,Apr 12 2025
M02269,P2328,62,1,110.05,2025-01-15
M02270,P2885,1,5,106.76,2025/03/10
M02271,P3580,110,0,112.34,2025/03/10
M02272,P1845,63,0,160.61,Apr 12 2025
M02273,P3361,96,1,149.41,15/02/2025
M02274,P1463,88,6,199.13,2025-01-15
M02275,P1556,74,1,116.79,2025-01-15
M02276,P2704,34,6,136.37,15/02/2025
M02277,P1932,124,1,127.68,15/02/2025
M02278,P2232,107,6,160.53,Apr 12 2025
M02279,P0020,87,1,100.15,2025-01-15
M02280,P1548,65,2,61.68,Apr 12 2025
M02281,P0314,8,0,155.99,Apr 12 2025
M02282,P3887,82,5,201.58,2025/03/10
M02283,P2194,76,3,190.8,2025-01-15
M02284,P1530,31,0,82.11,2025-01-15
M02285,P0555,125,1,51.41,15/02/2025
M02286,P1994,107,1,121.78,2025-01-15
M02287,P1079,66,5,96.0,2025-01-15
M02288,P2167,148,1,150.64,15/02/2025
M02289,P3796,5,4,120.0,2025-01-15
M02290,P1714,126,3,94.22,2025-01-15
M02291,P2334,44,1,135.96,2025/03/10
M02292,P3845,130,3,180.09,2025/03/10
M02293,P3091,89,0,195.47,15/02/2025
M02294,P3405,84,4,177.26,Apr 12 2025
M02295,P0557,125,0,127.1,15/02/2025
M02296,P0088,108,6,143.98,2025-01-15
M02297,P3232,27,6,115.24,2025/03/10
M02298,P3178,8,1,101.86,15/02/2025
M02299,P2420,128,6,138.86,2025-01-15
M02300,P2078,126,1,143.22,Apr 12 2025
M02301,P2671,91,4,87.82,15/02/2025
M02302,P0879,103,2,179.37,Apr 12 2025
M02303,P0058,64,0,89.53,2025-01-15
M02304,P2479,3,4,205.23,2025/03/10
M02305,P0791,131,6,158.28,Apr 12 2025
M02306,P0095,47,4,71.71,15/02/2025
M02307,P1429,67,6,78.37,2025-01-15
M02308,P3785,67,0,161.39,15/02/2025
M02309,P3533,59,0,153.91,2025/03/10
M02310,P1845,118,1,51.24,2025/03/10
M02311,P0272,5,0,170.24,Apr 12 2025
M02312,P2825,69,0,146.05,15/02/2025
M02313,P1109,95,6,90.83,2025-01-15
M02314,P0244,123,5,154.74,2025-01-15
M02315,P2599,36,1,177.61,Apr 12 2025
M02316,P0116,150,5,175.01,Apr 12 2025
M02317,P0619,99,2,197.14,Apr 12 2025
M02318,P0839,46,1,113.44,Apr 12 2025
M02319,P3449,76,6,74.51,2025/03/10
M02320,P0058,67,6,201.31,15/02/2025
M02321,P0707,107,0,68.34,2025-01-15
M02322,P0146,49,2,115.04,Apr 12 2025
M02323,P0407,97,1,58.54,2025-01-15
M02324,P0612,139,3,126.27,15/02/2025
M02325,P0230,38,6,55.98,2025/03/10
M02326,P3193,60,3,201.85,Apr 12 2025
M02327,P2956,34,0,147.11,15/02/2025
M02328,P1677,139,4,55.3,2025/03/10
M02329,P1905,121,4,103.21,2025-01-15
M02330,P0393,126,1,73.22,2025-01-15
M02331,P0107,118,1,154.61,2025-01-15
M02332,P0777,8,5,126.75,15/02/2025
M02333,P0384,27,1,141.89,Apr 12 2025
M02334,P2320,10,5,136.58,2025-01-15
M02335,P2684,99,3,74.23,2025-01-15
M02336,P0103,64,2,197.92,2025/03/10
M02337,P3046,104,6,69.02,Apr 12 2025
M02338,P0455,145,1,143.02,2025-01-15
M02339,P1942,1,3,93.66,15/02/2025
M02340,P1668,13,1,190.26,2025/03/10
M02341,P1201,33,1,111.29,2025-01-15
M02342,P2654,101,0,74.49,15/02/2025
M02343,P0880,150,2,178.41,15/02/2025
M02344,P3001,4,4,96.17,Apr 12 2025
M02345,P3268,121,1,113.89,2025-01-15
M02346,P0853,46,3,159.06,2025/03/10
M02347,P1294,24,1,206.9,Apr 12 2025
M02348,P1676,20,5,129.16,2025/03/10
M02349,P2950,142,0,214.99,15/02/2025
M02350,P1108,88,6,167.65,2025/03/10
M02351,P0459,97,0,72.34,2025-01-15
M02352,P2356,28,2,212.36,2025-01-15
M02353,P0700,110,4,199.74,2025/03/10
M02354,P3001,137,3,93.4,Apr 12 2025
M02355,P3241,131,5,121.62,15/02/2025
M02356,P1899,97,0,204.34,2025/03/10
M02357,P1278,116,2,54.02,15/02/2025
M02358,P1796,142,0,216.04,2025-01-15
M02359,P2343,8,3,99.57,15/02/2025
M02360,P0352,111,2,57.41,Apr 12 2025
M02361,P2340,135,6,180.65,15/02/2025
M02362,P1610,32,6,83.55,2025/03/10
M02363,P0944,71,4,95.73,Apr 12 2025
M02364,P1108,114,0,135.71,2025-01-15
M02365,P0918,146,4,119.74,2025/03/10
M02366,P1769,47,1,171.45,2025-01-15
M02367,P0689,16,1,83.88,Apr 12 2025
M02368,P2812,37,6,52.47,2025/03/10
M02369,P0007,53,6,87.03,2025-01-15
M02370,P0085,4,4,138.23,15/02/2025
M02371,P3250,74,5,171.43,Apr 12 2025
M02372,P1858,61,4,68.91,2025-01-15
M02373,P0014,132,4,147.2,2025-01-15
M02374,P0497,64,0,119.05,2025-01-15
M02375,P0095,148,6,194.57,Apr 12 2025
M02376,P2326,38,6,89.97,Apr 12 2025
M02377,P0826,116,5,191.38,Apr 12 2025
M02378,P3032,11,3,51.51,2025/03/10
M02379,P1230,139,6,211.66,Apr 12 2025
M02380,P1967,66,3,91.64,2025-01-15
M02381,P0095,150,4,97.15,15/02/2025
M02382,P1021,111,0,201.35,15/02/2025
M02383,P1826,21,0,138.98,2025-01-15
M02384,P1304,23,5,152.7,2025/03/10
M02385,P2844,66,2,135.21,2025/03/10
M02386,P0615,4,1,158.11,2025-01-15
M02387,P0281,92,1,105.07,15/02/2025
M02388,P1138,105,3,55.1,2025/03/10
M02389,P1537,147,4,151.53,2025/03/10
M02390,P2384,69,6,118.75,Apr 12 2025
M02391,P0608,13,0,59.96,15/02/2025
M02392,P1094,4,6,73.68,2025-01-15
M02393,P2821,129,1,206.51,15/02/2025
M02394,P2103,114,4,206.82,2025/03/10
M02395,P0005,38,3,73.93,2025/03/10
M02396,P2052,17,3,94.55,2025/03/10
M02397,P3707,34,3,88.66,2025/03/10
M02398,P2610,49,3,102.97,15/02/2025
M02399,P1411,116,0,51.43,2025-01-15
M02400,P0654,24,6,145.2,15/02/2025
M02401,P2260,84,0,143.32,Apr 12 2025
M02402,P3844,17,5,80.04,2025/03/10
M02403,P1418,144,0,98.77,Apr 12 2025
M02404,P0469,8,0,128.99,15/02/2025
M02405,P0898,14,2,122.5,2025-01-15
M02406,P0221,21,1,145.46,15/02/2025
M02407,P1878,22,0,65.25,15/02/2025
M02408,P0822,32,4,174.95,Apr 12 2025
M02409,P0282,89,0,71.27,2025/03/10
M02410,P3877,136,5,113.62,Apr 12 2025
M02411,P3013,109,3,177.74,15/02/2025
M02412,P3338,66,2,114.91,2025-01-15
M02413,P3586,78,5,80.21,15/02/2025
M02414,P1802,107,1,194.86,2025/03/10
M02415,P1569,6,0,155.75,2025/03/10
M02416,P0970,1,2,134.87,15/02/2025
M02417,P2998,79,3,193.71,2025/03/10
M02418,P0963,89,4,213.39,2025-01-15
M02419,P2012,104,4,78.74,2025/03/10
M02420,P3101,25,5,165.5,Apr 12 2025
M02421,P2737,46,3,127.02,2025-01-15
M02422,P2087,100,6,121.11,Apr 12 2025
M02423,P3830,89,5,183.14,15/02/2025
M02424,P3506,33,2,217.21,Apr 12 2025
M02425,P3621,104,6,142.78,2025/03/10
M02426,P3237,75,3,129.4,2025-01-15
M02427,P2714,40,4,60.22,15/02/2025
M02428,P1482,3,0,120.17,2025-01-15
M02429,P3303,130,2,135.1,Apr 12 2025
M02430,P1235,37,1,90.0,2025/03/10
M02431,P3325,53,2,59.12,Apr 12 2025
M02432,P3600,96,4,75.9,2025-01-15
M02433,P0618,22,2,184.41,Apr 12 2025
M02434,P3455,64,4,175.5,2025/03/10
M02435,P0671,91,2,147.72,15/02/2025
M02436,P0071,102,5,167.46,2025/03/10
M02437,P2633,22,6,71.03,Apr 12 2025
M02438,P3171,50,4,143.57,15/02/2025
M02439,P1899,63,0,195.72,Apr 12 2025
M02440,P0957,78,1,107.35,2025/03/10
M02441,P2050,128,6,80.39,2025-01-15
M02442,P2164,132,2,149.74,Apr 12 2025
M02443,P2199,5,3,118.88,2025-01-15
M02444,P1423,25,6,67.13,2025-01-15
M02445,P0745,23,1,188.58,2025/03/10
M02446,P1274,50,5,177.46,2025-01-15
M02447,P3286,47,1,196.74,2025-01-15
M02448,P2901,102,0,102.86,Apr 12 2025
M02449,P0018,61,3,74.19,Apr 12 2025
M02450,P0217,14,1,77.74,15/02/2025
M02451,P0431,114,4,190.77,2025-01-15
M02452,P0329,22,6,96.92,2025-01-15
M02453,P0860,76,3,188.26,15/02/2025
M02454,P0439,127,5,66.81,Apr 12 2025
M02455,P3121,142,3,57.75,2025-01-15
M02456,P3624,99,1,179.3,2025/03/10
M02457,P2801,13,5,136.25,2025-01-15
M02458,P2384,72,6,216.29,Apr 12 2025
M02459,P3365,134,2,197.45,2025-01-15
M02460,P2576,30,0,85.03,Apr 12 2025
M02461,P1396,57,2,140.12,2025-01-15
M02462,P0093,120,1,144.88,Apr 12 2025
M02463,P2141,0,3,73.39,Apr 12 2025
M02464,P2453,14,5,88.54,2025-01-15
M02465,P3873,106,0,122.55,2025-01-15
M02466,P3192,120,6,76.29,15/02/2025
M02467,P2773,150,5,217.93,2025/03/10
M02468,P1971,125,6,70.5,15/02/2025
M02469,P1988,86,6,88.54,Apr 12 2025
M02470,P3598,107,4,196.76,2025-01-15
M02471,P0746,73,4,52.54,2025/03/10
M02472,P3213,90,3,197.41,2025-01-15
M02473,P0061,43,5,93.67,2025/03/10
M02474,P0796,34,1,198.98,15/02/2025
M02475,P0665,31,3,149.46,Apr 12 2025
M02476,P2468,97,4,109.91,Apr 12 2025
M02477,P1064,101,5,130.27,Apr 12 2025
M02478,P3281,113,5,166.05,2025-01-15
M02479,P1790,30,1,148.27,2025/03/10
M02480,P2855,36,0,104.72,2025-01-15
M02481,P3436,104,2,189.99,Apr 12 2025
M02482,P0298,1,3,207.72,15/02/2025
M02483,P0810,93,0,216.47,2025/03/10
M02484,P3657,40,2,194.25,2025-01-15
M02485,P2540,137,6,87.76,15/02/2025
M02486,P1182,138,6,99.78,2025-01-15
M02487,P0903,6,0,101.24,2025-01-15
M02488,P3026,108,4,187.59,2025-01-15
M02489,P3335,3,2,195.89,2025-01-15
M02490,P0604,25,2,204.97,Apr 12 2025
M02491,P1951,93,6,187.28,Apr 12 2025
M02492,P2861,74,3,171.2,15/02/2025
M02493,P0947,84,1,102.68,2025-01-15
M02494,P0383,0,2,52.9,2025-01-15
M02495,P3607,70,3,121.5,15/02/2025
M02496,P2010,129,6,187.43,Apr 12 2025
M02497,P3505,31,2,130.32,2025/03/10
M02498,P1315,28,1,142.82,2025-01-15
M02499,P3711,114,3,106.02,2025-01-15
M02500,P0549,59,4,113.26,Apr 12 2025
M02501,P2076,25,2,111.59,15/02/2025
M02502,P1542,11,6,164.15,Apr 12 2025
M02503,P0659,58,5,115.17,15/02/2025
M02504,P1211,74,3,178.92,2025/03/10
M02505,P3161,71,3,181.44,Apr 12 2025
M02506,P0579,9,2,60.99,2025-01-15
M02507,P0112,117,1,60.39,Apr 12 2025
M02508,P0502,92,3,186.94,Apr 12 2025
M02509,P2178,58,3,162.98,2025-01-15
M02510,P0887,25,3,104.07,15/02/2025
M02511,P2172,4,6,81.57,Apr 12 2025
M02512,P1215,18,6,101.29,2025/03/10
M02513,P2891,117,5,80.78,2025-01-15
M02514,P0664,144,1,106.5,Apr 12 2025
M02515,P2807,135,3,216.82,Apr 12 2025
M02516,P0762,142,4,191.76,2025-01-15
M02517,P1838,106,3,92.61,2025-01-15
M02518,P1825,96,5,85.17,Apr 12 2025
M02519,P3874,17,6,191.92,15/02/2025
M02520,P3863,86,1,173.53,Apr 12 2025
M02521,P1950,106,5,73.52,15/02/2025
M02522,P0893,135,3,172.75,Apr 12 2025
M02523,P2488,13,3,202.31,2025-01-15
M02524,P3266,67,4,206.15,Apr 12 2025
M02525,P2423,59,1,59.78,2025/03/10
M02526,P3196,94,6,90.0,2025-01-15
M02527,P1421,6,5,139.22,15/02/2025
M02528,P1943,51,4,121.08,2025-01-15
M02529,P3707,83,4,195.14,Apr 12 2025
M02530,P3898,65,6,51.5,15/02/2025
M02531,P2793,82,3,126.54,Apr 12 2025
M02532,P2049,118,3,170.82,2025/03/10
M02533,P1044,40,3,194.59,2025-01-15
M02534,P0989,134,2,75.02,15/02/2025
M02535,P1954,53,6,118.42,15/02/2025
M02536,P1866,52,1,60.14,15/02/2025
M02537,P0719,37,3,67.56,2025-01-15
M02538,P3424,118,6,113.07,Apr 12 2025
M02539,P1745,30,3,68.12,15/02/2025
M02540,P0235,75,1,154.85,2025/03/10
M02541,P0468,73,2,192.32,Apr 12 2025
M02542,P2364,141,1,55.5,15/02/2025
M02543,P3851,26,6,122.22,2025-01-15
M02544,P0850,149,6,187.1,15/02/2025
M02545,P0122,46,5,120.25,2025-01-15
M02546,P0392,68,1,165.36,2025/03/10
M02547,P2030,19,0,121.79,2025-01-15
M02548,P3557,18,3,128.97,2025-01-15
M02549,P3775,55,6,219.62,Apr 12 2025
M02550,P3785,49,3,200.81,2025-01-15
M02551,P3638,87,5,51.83,2025-01-15
M02552,P1193,149,1,85.48,Apr 12 2025
M02553,P3421,117,1,93.15,2025/03/10
M02554,P1544,147,1,194.98,Apr 12 2025
M02555,P0655,144,2,183.03,Apr 12 2025
M02556,P0990,142,0,141.79,2025-01-15
M02557,P3037,101,6,208.04,2025/03/10
M02558,P0250,40,2,154.68,2025/03/10
M02559,P0446,56,5,152.8,15/02/2025
M02560,P1893,40,6,133.85,2025-01-15
M02561,P0656,146,0,189.78,15/02/2025
M02562,P1426,12,2,215.74,Apr 12 2025
M02563,P0244,32,6,123.18,Apr 12 2025
M02564,P1854,101,5,106.29,15/02/2025
M02565,P1859,42,4,159.57,2025/03/10
M02566,P0842,150,3,95.01,2025/03/10
M02567,P0096,115,5,50.1,Apr 12 2025
M02568,P1235,0,3,177.19,2025/03/10
M02569,P3087,105,6,198.08,15/02/2025
M02570,P0183,139,0,163.07,2025-01-15
M02571,P2315,43,4,57.9,15/02/2025
M02572,P3161,19,2,182.03,2025/03/10
M02573,P3614,60,4,55.54,2025/03/10
M02574,P2221,146,0,149.41,15/02/2025
M02575,P3682,40,2,212.71,15/02/2025
M02576,P0845,44,0,212.76,15/02/2025
M02577,P1465,17,0,76.17,2025/03/10
M02578,P3711,84,2,195.1,2025-01-15
M02579,P0465,57,2,98.23,2025-01-15
M02580,P0926,103,4,135.73,2025/03/10
M02581,P2848,53,4,82.92,15/02/2025
M02582,P0790,41,2,194.47,Apr 12 2025
M02583,P3765,41,4,122.55,2025-01-15
M02584,P3326,137,0,108.96,15/02/2025
M02585,P0502,32,6,214.21,2025/03/10
M02586,P3083,69,0,77.49,2025-01-15
M02587,P1820,85,6,151.74,2025/03/10
M02588,P3718,34,0,70.04,15/02/2025
M02589,P2034,102,1,62.79,Apr 12 2025
M02590,P1266,150,2,97.24,2025-01-15
M02591,P3713,3,3,80.98,2025/03/10
M02592,P2626,23,4,84.54,Apr 12 2025
M02593,P1401,25,4,72.51,Apr 12 2025
M02594,P1829,19,5,88.94,Apr 12 2025
M02595,P1526,59,5,118.13,Apr 12 2025
M02596,P3502,70,3,104.15,Apr 12 2025
M02597,P1032,98,0,202.54,15/02/2025
M02598,P2873,6,4,122.37,Apr 12 2025
M02599,P3313,58,0,50.77,15/02/2025
M02600,P2703,136,2,103.62,15/02/2025
M02601,P1108,15,1,78.26,2025-01-15
M02602,P0258,90,5,89.15,2025/03/10
M02603,P1453,2,2,65.99,15/02/2025
M02604,P2949,35,0,148.92,2025-01-15
M02605,P1227,60,5,193.02,Apr 12 2025
M02606,P1988,118,5,73.74,Apr 12 2025
M02607,P2480,32,2,167.71,2025/03/10
M02608,P3523,33,1,215.03,15/02/2025
M02609,P2901,65,5,185.64,2025/03/10
M02610,P2869,138,6,68.61,15/02/2025
M02611,P3015,1,2,181.18,Apr 12 2025
M02612,P2018,10,3,133.76,Apr 12 2025
M02613,P3398,147,1,213.48,15/02/2025
M02614,P3103,43,4,150.23,Apr 12 2025
M02615,P1452,24,2,198.34,2025-01-15
M02616,P0680,87,3,171.79,2025/03/10
M02617,P1775,70,0,200.18,2025/03/10
M02618,P2608,128,6,183.35,15/02/2025
M02619,P3398,138,1,215.35,2025/03/10
M02620,P2866,111,5,184.93,15/02/2025
M02621,P1657,44,0,175.74,2025/03/10
M02622,P1630,123,1,161.94,15/02/2025
M02623,P1485,78,1,196.58,2025/03/10
M02624,P3020,95,0,183.58,Apr 12 2025
M02625,P0692,142,1,79.34,2025/03/10
M02626,P0036,27,4,81.17,Apr 12 2025
M02627,P0689,76,3,79.26,Apr 12 2025
M02628,P0773,150,6,92.83,15/02/2025
M02629,P2647,3,0,194.68,15/02/2025
M02630,P3248,41,1,206.75,2025-01-15
M02631,P1178,145,4,79.75,2025-01-15
M02632,P3228,3,4,169.37,Apr 12 2025
M02633,P1616,43,6,167.92,2025-01-15
M02634,P0551,104,3,50.04,2025/03/10
M02635,P3392,13,4,111.42,15/02/2025
M02636,P0759,17,3,192.11,2025-01-15
M02637,P0077,59,4,62.73,2025-01-15
M02638,P2355,56,1,113.03,15/02/2025
M02639,P2207,45,1,77.25,Apr 12 2025
M02640,P0384,22,4,87.77,2025-01-15
M02641,P2847,11,3,214.07,15/02/2025
M02642,P1890,124,5,56.34,Apr 12 2025
M02643,P1151,102,0,206.99,Apr 12 2025
M02644,P3404,14,3,215.85,15/02/2025
M02645,P1602,72,1,170.48,2025/03/10
M02646,P0043,3,4,105.35,Apr 12 2025
M02647,P0711,51,2,122.02,Apr 12 2025
M02648,P3384,108,5,74.92,15/02/2025
M02649,P2758,28,1,217.12,15/02/2025
M02650,P3222,105,0,52.11,2025/03/10
M02651,P1160,23,3,100.94,15/02/2025
M02652,P2931,25,3,109.32,2025/03/10
M02653,P0477,50,3,80.38,Apr 12 2025
M02654,P2698,99,4,111.54,Apr 12 2025
M02655,P3664,8,3,195.97,15/02/2025
M02656,P3237,64,4,99.69,2025-01-15
M02657,P3354,71,3,187.5,Apr 12 2025
M02658,P1343,87,0,136.97,Apr 12 2025
M02659,P0081,22,6,193.86,15/02/2025
M02660,P0707,76,5,81.07,15/02/2025
M02661,P1176,143,1,125.7,2025/03/10
M02662,P3161,68,0,180.66,15/02/2025
M02663,P0898,68,2,122.83,2025/03/10
M02664,P3261,50,4,190.07,2025/03/10
M02665,P1838,145,6,219.56,15/02/2025
M02666,P1471,75,6,141.13,15/02/2025
M02667,P1551,35,3,145.1,2025-01-15
M02668,P1151,119,1,83.64,Apr 12 2025
M02669,P3007,68,0,160.98,2025-01-15
M02670,P2440,86,1,135.15,2025/03/10
M02671,P2564,80,3,176.13,2025/03/10
M02672,P0715,23,3,173.44,15/02/2025
M02673,P1316,4,6,185.67,15/02/2025
M02674,P1954,136,0,94.51,Apr 12 2025
M02675,P0205,78,3,193.89,Apr 12 2025
M02676,P3019,24,2,87.76,2025/03/10
M02677,P1130,54,3,58.71,Apr 12 2025
M02678,P0338,138,6,126.73,2025/03/10
M02679,P3599,106,2,202.34,Apr 12 2025
M02680,P0539,99,6,89.75,2025-01-15
M02681,P1507,76,5,64.81,2025/03/10
M02682,P3345,132,5,153.52,2025-01-15
M02683,P3844,15,1,126.98,15/02/2025
M02684,P2363,28,0,182.1,2025/03/10
M02685,P1371,10,5,127.25,Apr 12 2025
M02686,P0084,74,1,111.77,Apr 12 2025
M02687,P0137,86,0,88.74,15/02/2025
M02688,P1820,68,3,150.66,15/02/2025
M02689,P0866,6,3,132.12,Apr 12 2025
M02690,P2728,54,0,188.96,Apr 12 2025
M02691,P2871,30,4,208.61,15/02/2025
M02692,P3011,46,3,119.75,Apr 12 2025
M02693,P3733,147,5,97.81,2025-01-15
M02694,P2517,4,6,137.02,Apr 12 2025
M02695,P1348,55,4,179.19,2025-01-15
M02696,P1587,120,6,84.89,Apr 12 2025
M02697,P0838,77,5,188.25,Apr 12 2025
M02698,P1638,6,5,193.45,2025/03/10
M02699,P3475,5,6,164.03,2025/03/10
M02700,P2339,35,1,190.83,Apr 12 2025
M02701,P0241,67,5,195.6,Apr 12 2025
M02702,P3134,19,4,196.93,Apr 12 2025
M02703,P0122,104,3,85.01,2025-01-15
M02704,P3124,17,3,179.71,2025-01-15
M02705,P1944,49,6,148.64,15/02/2025
M02706,P3141,130,6,154.67,15/02/2025
M02707,P2010,30,4,76.17,2025/03/10
M02708,P3620,52,6,186.73,Apr 12 2025
M02709,P0371,117,5,205.45,2025-01-15
M02710,P2187,108,6,191.18,2025/03/10
M02711,P0703,103,4,99.63,2025-01-15
M02712,P0845,137,5,212.13,15/02/2025
M02713,P3622,22,5,181.08,2025/03/10
M02714,P1239,4,0,97.99,Apr 12 2025
M02715,P1842,6,3,151.8,2025-01-15
M02716,P2527,87,6,141.56,15/02/2025
M02717,P0009,94,2,219.36,15/02/2025
M02718,P1113,59,4,205.12,2025/03/10
M02719,P2698,62,6,59.23,15/02/2025
M02720,P3207,19,3,173.2,2025-01-15
M02721,P1697,120,4,196.21,2025-01-15
M02722,P1583,96,5,96.08,15/02/2025
M02723,P2777,29,2,200.11,2025-01-15
M02724,P0422,97,5,194.66,15/02/2025
M02725,P3692,130,0,105.86,15/02/2025
M02726,P3849,114,6,57.88,Apr 12 2025
M02727,P0223,39,3,157.24,2025-01-15
M02728,P1828,12,1,55.28,2025-01-15
M02729,P2121,16,3,77.09,15/02/2025
M02730,P2166,42,4,210.8,15/02/2025
M02731,P2668,75,6,100.86,2025/03/10
M02732,P3082,7,5,194.61,Apr 12 2025
M02733,P0604,132,4,162.16,2025/03/10
M02734,P3897,144,1,159.07,Apr 12 2025
M02735,P2586,70,0,62.79,2025-01-15
M02736,P1733,28,5,151.97,Apr 12 2025
M02737,P3517,28,1,185.97,Apr 12 2025
M02738,P1606,33,0,144.77,15/02/2025
M02739,P3444,4,1,156.23,Apr 12 2025
M02740,P0233,44,3,83.09,2025/03/10
M02741,P1150,68,1,105.43,Apr 12 2025
M02742,P2582,47,5,93.02,Apr 12 2025
M02743,P3687,1,0,80.37,2025/03/10
M02744,P3320,36,2,77.59,2025/03/10
M02745,P0881,104,4,53.16,2025-01-15
M02746,P3846,39,1,127.95,15/02/2025
M02747,P0037,46,4,204.61,Apr 12 2025
M02748,P1660,15,1,153.71,Apr 12 2025
M02749,P0004,33,6,99.92,Apr 12 2025
M02750,P1304,34,6,180.03,2025/03/10
M02751,P0173,90,2,87.79,Apr 12 2025
M02752,P1048,128,6,63.46,Apr 12 2025
M02753,P3235,94,6,210.08,2025-01-15
M02754,P0996,102,6,169.29,15/02/2025
M02755,P0487,90,6,171.86,Apr 12 2025
M02756,P2042,63,4,112.8,Apr 12 2025
M02757,P1684,38,1,213.32,15/02/2025
M02758,P1753,9,3,118.55,Apr 12 2025
M02759,P2476,135,3,98.23,2025-01-15
M02760,P0530,95,4,102.77,Apr 12 2025
M02761,P3733,44,1,177.24,2025/03/10
M02762,P0762,134,3,81.37,Apr 12 2025
M02763,P2309,32,0,115.25,Apr 12 2025
M02764,P0298,116,4,149.18,15/02/2025
M02765,P0775,88,3,153.75,15/02/2025
M02766,P2409,140,1,86.61,Apr 12 2025
M02767,P3544,102,4,137.51,Apr 12 2025
M02768,P1848,47,2,205.78,Apr 12 2025
M02769,P0051,77,0,92.0,15/02/2025
M02770,P0201,133,6,187.27,15/02/2025
M02771,P0392,83,1,152.53,15/02/2025
M02772,P3132,21,1,218.48,Apr 12 2025
M02773,P0041,7,0,202.46,2025/03/10
M02774,P1219,12,5,216.41,Apr 12 2025
M02775,P3810,102,1,192.81,2025-01-15
M02776,P3246,78,5,160.85,15/02/2025
M02777,P3494,8,6,98.32,2025-01-15
M02778,P0892,76,0,52.84,Apr 12 2025
M02779,P1317,38,5,193.41,Apr 12 2025
M02780,P0543,8,4,154.19,Apr 12 2025
M02781,P2640,83,6,164.13,2025/03/10
M02782,P0655,34,2,204.46,2025/03/10
M02783,P2544,38,0,138.16,15/02/2025
M02784,P1380,59,0,146.94,Apr 12 2025
M02785,P1748,109,4,210.21,2025-01-15
M02786,P2550,66,4,203.98,Apr 12 2025
M02787,P0513,145,6,182.05,2025-01-15
M02788,P2659,94,3,140.77,2025-01-15
M02789,P0349,121,5,111.96,2025-01-15
M02790,P1838,104,3,67.09,Apr 12 2025
M02791,P2343,85,3,76.0,2025/03/10
M02792,P3480,1,2,92.14,2025/03/10
M02793,P2011,65,0,170.84,2025/03/10
M02794,P0924,18,5,83.01,2025/03/10
M02795,P3484,103,0,52.16,Apr 12 2025
M02796,P2008,126,1,159.2,2025-01-15
M02797,P2033,89,0,88.38,2025-01-15
M02798,P3104,147,6,162.75,2025-01-15
M02799,P0601,85,6,155.74,2025-01-15
M02800,P2420,50,4,132.33,15/02/2025
M02801,P1883,10,1,100.71,15/02/2025
M02802,P3320,75,6,219.37,2025/03/10
M02803,P3468,114,2,143.49,2025-01-15
M02804,P3194,69,3,123.31,Apr 12 2025
M02805,P3072,136,3,197.22,15/02/2025
M02806,P1292,16,0,167.61,Apr 12 2025
M02807,P1694,82,0,182.16,2025-01-15
M02808,P3222,120,5,55.8,2025/03/10
M02809,P0368,123,5,90.61,15/02/2025
M02810,P3539,137,4,109.01,2025/03/10
M02811,P1441,98,1,215.17,2025-01-15
M02812,P2479,18,4,185.11,2025-01-15
M02813,P1411,88,4,176.14,2025-01-15
M02814,P1315,115,2,96.11,Apr 12 2025
M02815,P2741,93,1,152.39,2025-01-15
M02816,P3776,101,0,159.92,Apr 12 2025
M02817,P0012,12,2,51.92,15/02/2025
M02818,P3655,3,5,102.95,2025/03/10
M02819,P0481,138,2,217.4,15/02/2025
M02820,P2475,139,1,80.3,2025-01-15
M02821,P2790,53,4,115.05,15/02/2025
M02822,P3143,10,1,137.34,Apr 12 2025
M02823,P2804,71,5,215.26,2025-01-15
M02824,P2704,113,4,141.88,15/02/2025
M02825,P1605,82,1,153.37,2025/03/10
M02826,P0371,97,2,167.65,15/02/2025
M02827,P3552,52,5,90.24,Apr 12 2025
M02828,P0542,51,0,208.53,Apr 12 2025
M02829,P1229,67,6,53.51,2025-01-15
M02830,P3122,110,3,57.24,Apr 12 2025
M02831,P0175,43,0,216.44,2025-01-15
M02832,P2456,23,4,192.65,2025/03/10
M02833,P3546,56,0,65.62,15/02/2025
M02834,P3321,99,3,67.04,2025/03/10
M02835,P2201,70,4,107.55,2025-01-15
M02836,P1405,41,6,117.89,15/02/2025
M02837,P2696,30,0,150.98,Apr 12 2025
M02838,P0133,75,3,185.78,15/02/2025
M02839,P0602,4,2,88.4,Apr 12 2025
M02840,P2778,1,3,131.16,2025/03/10
M02841,P1489,71,2,131.64,2025-01-15
M02842,P3538,136,5,201.59,15/02/2025
M02843,P3763,50,0,125.44,2025-01-15
M02844,P1185,99,5,62.48,2025/03/10
M02845,P2987,62,4,96.29,Apr 12 2025
M02846,P3293,99,3,72.49,Apr 12 2025
M02847,P0737,63,2,169.53,Apr 12 2025
M02848,P3780,0,2,89.46,2025-01-15
M02849,P0565,98,0,175.78,2025/03/10
M02850,P0068,33,2,132.65,Apr 12 2025
M02851,P0025,55,3,137.88,2025-01-15
M02852,P1355,13,3,90.21,Apr 12 2025
M02853,P1622,61,3,190.97,2025/03/10
M02854,P0181,33,5,140.25,2025-01-15
M02855,P2651,109,2,192.36,2025-01-15
M02856,P0045,55,4,57.45,2025-01-15
M02857,P0676,15,6,175.93,2025-01-15
M02858,P0587,93,1,53.96,2025/03/10
M02859,P1389,40,5,84.01,Apr 12 2025
M02860,P3101,94,4,129.47,2025/03/10
M02861,P0948,28,4,160.38,15/02/2025
M02862,P1608,10,0,155.96,Apr 12 2025
M02863,P0177,34,6,214.39,2025/03/10
M02864,P3757,126,2,162.47,2025/03/10
M02865,P3324,69,5,150.39,15/02/2025
M02866,P0180,81,2,177.02,2025/03/10
M02867,P2841,73,2,88.27,2025-01-15
M02868,P0510,142,0,157.21,2025-01-15
M02869,P2943,140,4,116.18,2025/03/10
M02870,P2169,54,2,200.67,2025/03/10
M02871,P3122,84,3,216.66,15/02/2025
M02872,P3552,42,4,185.01,2025/03/10
M02873,P0612,31,3,154.81,2025-01-15
M02874,P1290,104,3,52.05,Apr 12 2025
M02875,P0421,107,6,73.72,Apr 12 2025
M02876,P0125,114,0,100.38,15/02/2025
M02877,P3104,107,3,52.73,15/02/2025
M02878,P1448,16,2,135.67,2025-01-15
M02879,P0291,95,1,165.75,2025-01-15
M02880,P1808,58,5,173.39,2025-01-15
M02881,P1734,127,6,65.96,Apr 12 2025
M02882,P0222,88,4,124.81,2025-01-15
M02883,P1530,33,1,93.46,2025-01-15
M02884,P0857,62,4,105.49,Apr 12 2025
M02885,P2324,67,0,170.64,2025/03/10
M02886,P2998,93,1,66.5,2025/03/10
M02887,P2845,119,4,59.25,Apr 12 2025
M02888,P0505,146,5,63.59,Apr 12 2025
M02889,P1781,76,6,172.15,15/02/2025
M02890,P1760,84,3,200.48,15/02/2025
M02891,P0798,82,5,153.24,2025/03/10
M02892,P2570,143,3,117.32,2025-01-15
M02893,P1533,119,0,181.24,15/02/2025
M02894,P3056,122,6,130.59,2025-01-15
M02895,P2221,67,1,195.44,2025-01-15
M02896,P2309,47,1,54.34,2025/03/10
M02897,P1772,125,1,86.89,15/02/2025
M02898,P2828,122,1,183.64,15/02/2025
M02899,P0862,144,6,118.83,2025/03/10
M02900,P0164,47,6,145.31,15/02/2025
M02901,P1320,61,6,77.86,Apr 12 2025
M02902,P3829,117,3,154.94,15/02/2025
M02903,P1058,42,3,130.48,15/02/2025
M02904,P2548,40,1,172.56,2025/03/10
M02905,P2670,36,0,73.23,15/02/2025
M02906,P0089,147,0,92.73,2025-01-15
M02907,P0268,108,4,82.11,15/02/2025
M02908,P2115,71,2,73.51,2025/03/10
M02909,P2027,18,4,150.47,15/02/2025
M02910,P3644,2,6,164.35,2025/03/10
M02911,P3359,82,6,64.3,2025/03/10
M02912,P2827,87,1,202.44,2025-01-15
M02913,P3748,113,2,124.19,2025-01-15
M02914,P0827,141,1,71.13,2025-01-15
M02915,P2936,100,6,98.34,15/02/2025
M02916,P0875,39,1,181.49,Apr 12 2025
M02917,P2562,38,1,133.77,Apr 12 2025
M02918,P1913,55,1,209.67,Apr 12 2025
M02919,P3632,129,5,213.22,Apr 12 2025
M02920,P1646,76,5,131.28,Apr 12 2025
M02921,P0015,53,4,111.46,15/02/2025
M02922,P1551,8,2,154.44,15/02/2025
M02923,P2556,128,6,101.72,2025/03/10
M02924,P0348,9,5,130.4,2025/03/10
M02925,P2982,13,1,202.63,2025/03/10
M02926,P0076,111,3,182.86,2025/03/10
M02927,P2074,42,3,127.09,15/02/2025
M02928,P1521,145,0,193.12,Apr 12 2025
M02929,P3402,40,0,193.27,15/02/2025
M02930,P2895,103,1,186.82,2025/03/10
M02931,P2599,103,6,94.6,Apr 12 2025
M02932,P2986,18,2,147.53,2025/03/10
M02933,P1291,124,5,149.65,2025-01-15
M02934,P2142,55,4,168.83,Apr 12 2025
M02935,P3067,147,6,142.09,2025/03/10
M02936,P3450,19,2,151.79,Apr 12 2025
M02937,P0141,150,5,155.44,2025/03/10
M02938,P3334,80,0,197.35,15/02/2025
M02939,P0586,106,6,198.31,2025/03/10
M02940,P0887,32,1,176.7,2025/03/10
M02941,P3659,97,0,72.23,15/02/2025
M02942,P2944,140,4,169.66,2025-01-15
M02943,P2706,26,2,154.71,2025/03/10
M02944,P0934,64,0,50.69,2025-01-15
M02945,P0748,115,3,176.02,15/02/2025
M02946,P0564,49,6,150.57,2025/03/10
M02947,P3847,127,2,79.35,15/02/2025
M02948,P1397,101,5,128.39,Apr 12 2025
M02949,P0264,131,6,135.2,15/02/2025
M02950,P3724,32,1,126.54,Apr 12 2025
M02951,P0237,84,5,142.93,2025/03/10
M02952,P0277,99,4,58.41,2025-01-15
M02953,P2996,51,5,172.97,2025/03/10
M02954,P1642,78,3,177.09,2025/03/10
M02955,P1604,6,6,165.51,Apr 12 2025
M02956,P2813,113,4,95.79,Apr 12 2025
M02957,P0790,138,1,215.08,Apr 12 2025
M02958,P0632,51,3,186.68,2025-01-15
M02959,P3439,139,0,147.57,15/02/2025
M02960,P1709,21,3,118.13,2025-01-15
M02961,P0406,107,2,110.58,2025/03/10
M02962,P3001,115,5,136.12,2025/03/10
M02963,P1354,127,5,207.55,Apr 12 2025
M02964,P1321,83,6,178.97,Apr 12 2025
M02965,P1443,25,1,93.31,Apr 12 2025
M02966,P1125,1,0,58.89,Apr 12 2025
M02967,P1383,133,6,187.58,15/02/2025
M02968,P1193,14,2,62.12,Apr 12 2025
M02969,P1446,65,2,68.11,15/02/2025
M02970,P3653,65,6,101.43,2025-01-15
M02971,P3154,131,4,153.98,2025/03/10
M02972,P0021,36,6,194.17,15/02/2025
M02973,P0826,135,3,205.07,Apr 12 2025
M02974,P0070,131,6,89.67,2025/03/10
M02975,P3362,120,6,57.12,2025-01-15
M02976,P1854,5,1,119.4,2025-01-15
M02977,P3613,76,6,209.22,15/02/2025
M02978,P3754,54,4,159.31,2025-01-15
M02979,P0711,11,6,167.93,2025-01-15
M02980,P2215,136,1,55.17,2025/03/10
M02981,P3059,17,1,95.75,2025-01-15
M02982,P2392,110,5,61.26,Apr 12 2025
M02983,P2443,124,6,193.59,Apr 12 2025
M02984,P0553,69,2,218.31,2025/03/10
M02985,P0449,53,2,116.17,2025/03/10
M02986,P2158,3,2,104.02,2025-01-15
M02987,P1901,52,2,178.1,Apr 12 2025
M02988,P3080,125,2,217.94,2025-01-15
M02989,P2348,82,3,158.84,15/02/2025
M02990,P2348,64,5,53.2,2025/03/10
M02991,P2395,140,0,73.86,Apr 12 2025
M02992,P0005,43,5,154.89,2025/03/10
M02993,P0603,11,6,89.66,2025-01-15
M02994,P1450,135,4,215.74,15/02/2025
M02995,P1361,133,2,153.79,2025-01-15
M02996,P1920,48,6,103.07,2025-01-15
M02997,P0932,24,4,176.5,Apr 12 2025
M02998,P1930,73,4,124.25,2025/03/10
M02999,P2498,93,0,161.57,2025-01-15
M03000,P2104,108,5,95.44,15/02/2025
M03001,P0826,0,4,138.74,15/02/2025
M03002,P3437,81,6,159.04,Apr 12 2025
M03003,P2853,131,6,209.39,2025-01-15
M03004,P2337,107,1,91.6,15/02/2025
M03005,P0690,109,0,175.26,2025/03/10
M03006,P2960,140,3,171.79,2025/03/10
M03007,P0679,117,3,192.57,2025/03/10
M03008,P3802,132,1,66.77,Apr 12 2025
M03009,P0789,0,3,118.49,15/02/2025
M03010,P2692,22,2,65.69,2025-01-15
M03011,P1920,138,4,75.43,15/02/2025
M03012,P3631,97,6,111.51,2025/03/10
M03013,P2307,79,3,155.89,2025-01-15
M03014,P3824,107,1,90.05,Apr 12 2025
M03015,P2970,36,1,161.14,2025-01-15
M03016,P1845,128,4,54.59,15/02/2025
M03017,P3621,43,1,130.16,2025-01-15
M03018,P0148,109,2,190.07,Apr 12 2025
M03019,P0228,141,2,187.69,Apr 12 2025
M03020,P2380,82,5,94.11,Apr 12 2025
M03021,P1724,127,2,103.36,2025-01-15
M03022,P3353,139,4,156.13,2025-01-15
M03023,P3453,115,5,85.72,2025-01-15
M03024,P1445,149,0,104.47,2025-01-15
M03025,P2285,148,2,112.83,Apr 12 2025
M03026,P0687,103,6,143.49,2025/03/10
M03027,P2255,131,3,119.87,2025-01-15
M03028,P3528,39,0,166.49,Apr 12 2025
M03029,P0325,38,1,150.93,2025-01-15
M03030,P0739,29,5,183.68,2025-01-15
M03031,P2589,85,5,65.0,2025-01-15
M03032,P0634,145,5,184.15,Apr 12 2025
M03033,P3471,25,4,180.39,2025-01-15
M03034,P2658,125,0,205.62,Apr 12 2025
M03035,P2930,9,6,70.13,Apr 12 2025
M03036,P2401,33,1,131.78,15/02/2025
M03037,P2415,142,1,115.9,15/02/2025
M03038,P0918,70,5,136.93,Apr 12 2025
M03039,P2709,77,4,203.36,2025-01-15
M03040,P0994,80,0,121.52,2025/03/10
M03041,P1886,130,4,120.34,15/02/2025
M03042,P0783,86,2,167.39,2025-01-15
M03043,P3279,124,3,90.14,2025-01-15
M03044,P3138,43,6,186.92,15/02/2025
M03045,P0411,82,2,107.84,2025-01-15
M03046,P2791,81,3,164.94,2025-01-15
M03047,P1465,32,5,65.91,Apr 12 2025
M03048,P2531,56,4,96.55,2025/03/10
M03049,P1079,11,2,112.5,15/02/2025
M03050,P0429,19,2,60.86,Apr 12 2025
M03051,P3896,13,5,206.36,2025-01-15
M03052,P3083,39,1,216.22,2025/03/10
M03053,P3486,12,1,118.1,Apr 12 2025
M03054,P0467,83,5,177.51,2025-01-15
M03055,P3047,9,4,158.61,Apr 12 2025
M03056,P2531,114,4,59.08,15/02/2025
M03057,P0951,77,6,182.26,2025/03/10
M03058,P1463,109,4,99.63,Apr 12 2025
M03059,P1938,147,6,99.89,15/02/2025
M03060,P3357,108,5,195.56,2025/03/10
M03061,P3336,5,0,123.44,15/02/2025
M03062,P2512,81,3,87.17,Apr 12 2025
M03063,P2073,53,6,70.23,Apr 12 2025
M03064,P1500,115,5,205.89,15/02/2025
M03065,P2714,112,1,67.76,Apr 12 2025
M03066,P2292,53,5,56.42,2025-01-15
M03067,P1358,143,2,206.7,2025/03/10
M03068,P2632,41,6,88.55,15/02/2025
M03069,P1230,23,3,195.27,2025/03/10
M03070,P0283,140,2,156.56,2025/03/10
M03071,P2202,63,4,123.59,Apr 12 2025
M03072,P0099,119,1,100.98,Apr 12 2025
M03073,P3468,120,5,93.28,15/02/2025
M03074,P2979,31,2,176.31,2025/03/10
M03075,P2232,72,5,64.0,Apr 12 2025
M03076,P1097,29,3,60.82,2025-01-15
M03077,P1380,3,1,202.59,2025-01-15
M03078,P2104,24,3,145.97,2025-01-15
M03079,P2645,73,0,88.75,2025/03/10
M03080,P3432,70,5,131.52,2025-01-15
M03081,P2889,65,6,145.62,Apr 12 2025
M03082,P3322,115,2,54.39,15/02/2025
M03083,P2423,32,4,118.86,15/02/2025
M03084,P0825,7,6,75.77,2025/03/10
M03085,P3821,7,4,173.42,Apr 12 2025
M03086,P2897,47,0,144.83,15/02/2025
M03087,P1703,96,3,128.15,Apr 12 2025
M03088,P1702,105,3,211.93,2025-01-15
M03089,P0572,80,5,117.01,15/02/2025
M03090,P1139,44,6,211.52,2025-01-15
M03091,P0551,32,1,165.61,15/02/2025
M03092,P1101,150,4,56.74,15/02/2025
M03093,P2971,112,3,144.13,Apr 12 2025
M03094,P2000,91,4,175.86,2025-01-15
M03095,P1943,115,4,62.27,15/02/2025
M03096,P2604,77,2,188.42,2025-01-15
M03097,P1124,75,0,154.85,15/02/2025
M03098,P1005,89,0,127.85,Apr 12 2025
M03099,P3720,92,3,199.89,15/02/2025
M03100,P3558,96,6,58.93,Apr 12 2025
M03101,P1009,125,6,71.8,15/02/2025
M03102,P0273,145,4,182.99,2025/03/10
M03103,P3011,97,4,157.73,2025/03/10
M03104,P2387,40,5,81.06,Apr 12 2025
M03105,P1539,67,6,65.76,2025-01-15
M03106,P0108,55,6,214.69,2025/03/10
M03107,P0011,45,5,186.27,2025/03/10
M03108,P0261,53,6,209.25,2025/03/10
M03109,P3193,73,5,93.49,Apr 12 2025
M03110,P1971,36,1,140.69,15/02/2025
M03111,P2346,0,2,129.7,15/02/2025
M03112,P0957,16,2,207.28,2025/03/10
M03113,P1549,21,2,166.73,2025/03/10
M03114,P2377,50,1,110.79,2025-01-15
M03115,P1068,150,3,139.42,Apr 12 2025
M03116,P2416,81,1,60.8,2025-01-15
M03117,P1186,3,4,104.78,15/02/2025
M03118,P1806,126,5,124.03,2025-01-15
M03119,P2105,49,0,168.72,2025/03/10
M03120,P2057,13,0,66.98,Apr 12 2025
M03121,P0997,21,2,85.04,2025-01-15
M03122,P1330,23,0,92.53,Apr 12 2025
M03123,P1972,136,3,79.04,2025-01-15
M03124,P3872,3,3,185.73,2025-01-15
M03125,P2248,116,0,57.71,Apr 12 2025
M03126,P2585,134,2,121.95,15/02/2025
M03127,P1355,116,6,58.99,2025-01-15
M03128,P0585,109,6,148.29,15/02/2025
M03129,P1002,18,2,210.15,15/02/2025
M03130,P2895,50,0,118.72,2025-01-15
M03131,P0757,49,0,81.45,Apr 12 2025
M03132,P3582,85,5,167.54,2025/03/10
M03133,P3728,4,5,105.49,15/02/2025
M03134,P0689,73,5,66.25,2025/03/10
M03135,P3229,39,0,118.63,Apr 12 2025
M03136,P0151,26,2,62.82,2025/03/10
M03137,P3026,150,4,74.08,2025-01-15
M03138,P3523,102,3,201.78,15/02/2025
M03139,P3477,132,1,71.88,15/02/2025
M03140,P1139,9,0,218.51,15/02/2025
M03141,P3560,150,1,81.31,15/02/2025
M03142,P0194,95,3,73.77,2025-01-15
M03143,P0392,11,6,62.84,15/02/2025
M03144,P1049,136,2,85.54,2025-01-15
M03145,P0789,58,5,79.63,15/02/2025
M03146,P2118,96,0,185.42,15/02/2025
M03147,P0997,65,2,191.51,Apr 12 2025
M03148,P2783,72,2,71.46,2025/03/10
M03149,P0761,128,3,100.73,2025/03/10
M03150,P2497,113,3,184.82,15/02/2025
M03151,P1081,149,4,123.11,15/02/2025
M03152,P1097,44,5,59.27,2025/03/10
M03153,P1014,111,6,127.15,Apr 12 2025
M03154,P2561,62,2,162.52,2025/03/10
M03155,P0727,120,6,89.45,Apr 12 2025
M03156,P3420,23,2,167.02,Apr 12 2025
M03157,P1656,94,6,106.53,2025-01-15
M03158,P1096,124,6,202.53,15/02/2025
M03159,P1515,63,6,158.73,2025-01-15
M03160,P2538,106,3,101.02,2025/03/10
M03161,P1937,94,1,92.37,2025/03/10
M03162,P0653,73,3,182.17,2025/03/10
M03163,P3784,100,3,172.35,15/02/2025
M03164,P1385,53,4,148.7,Apr 12 2025
M03165,P0522,147,4,201.0,15/02/2025
M03166,P0632,74,1,199.16,Apr 12 2025
M03167,P2023,38,2,67.55,Apr 12 2025
M03168,P0336,40,5,127.8,Apr 12 2025
M03169,P3895,50,5,156.3,15/02/2025
M03170,P1328,69,1,209.83,2025/03/10
M03171,P1683,140,2,135.04,Apr 12 2025
M03172,P1010,147,0,120.2,2025-01-15
M03173,P1611,137,1,100.33,Apr 12 2025
M03174,P2418,60,4,153.43,2025-01-15
M03175,P1701,24,2,196.28,2025-01-15
M03176,P0416,100,6,137.6,15/02/2025
M03177,P2846,118,0,54.97,2025-01-15
M03178,P2037,53,3,72.24,2025-01-15
M03179,P1932,42,6,191.12,2025-01-15
M03180,P3863,24,2,141.17,Apr 12 2025
M03181,P3337,123,4,203.65,2025-01-15
M03182,P2278,35,3,174.43,15/02/2025
M03183,P0483,33,0,216.44,Apr 12 2025
M03184,P3211,50,4,180.6,Apr 12 2025
M03185,P1626,47,2,159.22,15/02/2025
M03186,P3067,148,6,157.58,Apr 12 2025
M03187,P3451,75,2,177.61,15/02/2025
M03188,P3757,48,4,68.51,15/02/2025
M03189,P3065,149,6,187.11,2025/03/10
M03190,P0047,55,3,189.51,2025/03/10
M03191,P2072,20,5,68.67,Apr 12 2025
M03192,P2878,98,5,99.66,Apr 12 2025
M03193,P0363,104,3,218.23,2025-01-15
M03194,P1687,140,1,87.14,15/02/2025
M03195,P2458,28,0,67.83,Apr 12 2025
M03196,P0441,43,2,183.5,2025-01-15
M03197,P0466,102,6,172.13,2025/03/10
M03198,P2996,149,0,179.44,2025-01-15
M03199,P0798,57,1,96.27,2025/03/10
M03200,P0883,121,5,121.27,Apr 12 2025
M03201,P2691,52,5,96.52,2025-01-15
M03202,P1153,11,6,145.77,2025/03/10
M03203,P0363,15,0,197.05,Apr 12 2025
M03204,P2460,55,0,62.57,2025/03/10
M03205,P3723,139,0,67.63,2025-01-15
M03206,P1159,148,5,170.76,2025-01-15
M03207,P3161,6,0,194.23,15/02/2025
M03208,P3661,9,1,140.04,Apr 12 2025
M03209,P3495,106,0,118.71,2025-01-15
M03210,P3064,18,4,152.38,15/02/2025
M03211,P1196,36,0,212.31,15/02/2025
M03212,P1057,128,5,208.87,2025/03/10
M03213,P2268,66,1,219.39,15/02/2025
M03214,P1308,50,0,122.33,Apr 12 2025
M03215,P2317,24,3,192.35,2025-01-15
M03216,P0842,139,3,59.99,2025/03/10
M03217,P3225,123,0,195.39,2025-01-15
M03218,P3239,126,0,84.56,15/02/2025
M03219,P3206,25,4,165.91,2025-01-15
M03220,P0555,77,3,163.73,2025-01-15
M03221,P0662,133,4,186.51,2025-01-15
M03222,P1186,23,0,72.53,Apr 12 2025
M03223,P3487,76,2,73.24,Apr 12 2025
M03224,P3826,19,6,208.0,15/02/2025
M03225,P1787,121,6,136.71,Apr 12 2025
M03226,P1559,75,6,122.88,2025-01-15
M03227,P0979,141,6,213.88,2025-01-15
M03228,P3761,127,2,154.49,2025-01-15
M03229,P2694,97,0,183.02,2025/03/10
M03230,P0694,63,5,75.8,2025/03/10
M03231,P1164,12,0,170.7,2025-01-15
M03232,P3769,85,1,106.35,Apr 12 2025
M03233,P2445,110,5,81.54,2025-01-15
M03234,P1666,140,2,188.41,2025/03/10
M03235,P0685,82,1,178.8,Apr 12 2025
M03236,P3030,79,0,50.34,2025/03/10
M03237,P1160,124,5,187.48,Apr 12 2025
M03238,P2392,138,4,169.81,2025/03/10
M03239,P2133,134,2,122.41,2025/03/10
M03240,P2076,145,4,87.55,2025-01-15
M03241,P0126,94,0,150.44,2025/03/10
M03242,P1773,115,2,209.64,Apr 12 2025
M03243,P0853,93,2,182.31,2025/03/10
M03244,P3632,37,6,218.39,Apr 12 2025
M03245,P2614,22,3,76.53,Apr 12 2025
M03246,P0546,92,3,112.38,2025/03/10
M03247,P1568,2,3,53.83,2025-01-15
M03248,P0340,75,6,219.82,2025/03/10
M03249,P0456,56,0,217.76,Apr 12 2025
M03250,P2086,107,6,80.61,2025-01-15
M03251,P3226,131,3,182.26,2025-01-15
M03252,P3592,1,0,214.63,Apr 12 2025
M03253,P1676,138,4,60.03,2025/03/10
M03254,P3295,25,3,73.05,15/02/2025
M03255,P0032,120,3,78.65,2025-01-15
M03256,P0499,89,6,184.77,15/02/2025
M03257,P0574,58,1,143.88,15/02/2025
M03258,P0717,142,1,98.26,2025/03/10
M03259,P1930,83,6,76.44,15/02/2025
M03260,P1467,76,0,50.22,2025-01-15
M03261,P0160,141,2,126.9,2025-01-15
M03262,P0935,95,6,67.3,2025-01-15
M03263,P3834,63,2,163.39,2025/03/10
M03264,P0796,81,6,210.43,15/02/2025
M03265,P0675,135,4,72.31,2025-01-15
M03266,P3243,111,2,70.0,2025/03/10
M03267,P2005,142,0,151.8,Apr 12 2025
M03268,P2148,61,0,71.7,2025-01-15
M03269,P3488,18,0,202.14,2025-01-15
M03270,P2548,73,6,171.09,2025/03/10
M03271,P0994,77,0,154.25,15/02/2025
M03272,P3223,130,6,204.09,2025/03/10
M03273,P1180,120,4,119.7,Apr 12 2025
M03274,P1179,32,4,56.19,2025-01-15
M03275,P2628,130,5,144.43,15/02/2025
M03276,P0093,98,1,178.52,Apr 12 2025
M03277,P3739,143,5,170.76,2025-01-15
M03278,P2760,58,3,144.91,2025-01-15
M03279,P2735,37,0,87.73,Apr 12 2025
M03280,P1027,61,6,172.48,2025-01-15
M03281,P1307,84,4,104.94,2025/03/10
M03282,P3748,126,6,113.25,2025/03/10
M03283,P2859,5,4,179.13,15/02/2025
M03284,P2359,0,6,121.25,Apr 12 2025
M03285,P2321,12,5,100.67,15/02/2025
M03286,P2130,139,3,52.51,2025-01-15
M03287,P2982,12,3,106.37,Apr 12 2025
M03288,P0986,59,3,178.54,2025/03/10
M03289,P1819,11,0,117.84,15/02/2025
M03290,P1820,106,0,207.5,Apr 12 2025
M03291,P2720,143,0,100.8,2025-01-15
M03292,P0574,91,1,157.95,2025/03/10
M03293,P0797,122,5,117.74,15/02/2025
M03294,P2623,101,2,95.79,Apr 12 2025
M03295,P3170,127,6,204.6,2025/03/10
M03296,P3288,2,4,97.94,15/02/2025
M03297,P0985,36,2,79.6,2025/03/10
M03298,P2099,1,6,55.42,2025-01-15
M03299,P1862,32,2,68.8,2025/03/10
M03300,P1401,63,6,117.71,2025-01-15
M03301,P1342,136,2,103.61,2025/03/10
M03302,P3465,149,0,115.31,Apr 12 2025
M03303,P2307,96,0,77.57,15/02/2025
M03304,P1512,115,0,90.66,15/02/2025
M03305,P0908,36,4,185.12,2025/03/10
M03306,P1470,46,1,194.21,2025/03/10
M03307,P2622,137,6,73.68,Apr 12 2025
M03308,P0928,11,2,53.44,15/02/2025
M03309,P2479,111,3,81.25,2025-01-15
M03310,P1813,40,0,132.51,15/02/2025
M03311,P2459,35,6,72.27,2025/03/10
M03312,P0357,104,3,142.07,15/02/2025
M03313,P3708,30,2,166.36,15/02/2025
M03314,P3686,103,3,152.7,Apr 12 2025
M03315,P3517,1,3,87.62,15/02/2025
M03316,P3357,90,6,55.61,15/02/2025
M03317,P0497,59,4,76.67,2025-01-15
M03318,P1238,136,6,209.4,2025/03/10
M03319,P0032,47,1,57.66,2025-01-15
M03320,P2751,149,0,68.06,15/02/2025
M03321,P2634,62,1,113.52,15/02/2025
M03322,P2005,124,0,152.63,2025-01-15
M03323,P0239,5,1,170.48,2025/03/10
M03324,P1763,25,3,74.86,2025/03/10
M03325,P1543,71,5,133.68,2025/03/10
M03326,P1450,79,0,173.61,15/02/2025
M03327,P0930,0,2,184.97,2025/03/10
M03328,P2978,55,1,176.29,2025-01-15
M03329,P1578,119,3,205.73,2025-01-15
M03330,P1167,84,3,99.24,2025/03/10
M03331,P3432,62,3,52.18,2025-01-15
M03332,P2519,75,6,109.97,2025-01-15
M03333,P3769,20,5,126.73,Apr 12 2025
M03334,P1753,107,5,122.76,2025-01-15
M03335,P1412,45,5,130.06,Apr 12 2025
M03336,P0275,32,0,183.24,15/02/2025
M03337,P2269,22,6,169.05,2025/03/10
M03338,P1953,140,0,119.15,2025-01-15
M03339,P3266,15,1,72.45,2025-01-15
M03340,P2766,29,3,131.34,Apr 12 2025
M03341,P0099,98,5,190.4,Apr 12 2025
M03342,P0838,85,1,73.03,15/02/2025
M03343,P2802,124,0,141.66,15/02/2025
M03344,P0294,35,3,189.19,2025/03/10
M03345,P2651,131,2,120.39,Apr 12 2025
M03346,P0344,21,2,193.79,2025/03/10
M03347,P0789,5,0,54.92,15/02/2025
M03348,P1858,86,6,204.42,15/02/2025
M03349,P3579,62,5,168.54,15/02/2025
M03350,P0587,66,3,108.58,Apr 12 2025
M03351,P1557,53,1,215.05,2025/03/10
M03352,P0424,125,5,144.14,Apr 12 2025
M03353,P1691,87,4,62.17,2025/03/10
M03354,P3669,53,4,73.71,2025-01-15
M03355,P0403,70,5,198.04,Apr 12 2025
M03356,P3293,90,1,169.06,Apr 12 2025
M03357,P1200,47,3,125.67,15/02/2025
M03358,P3570,94,0,186.93,Apr 12 2025
M03359,P0750,71,2,210.32,15/02/2025
M03360,P3309,63,3,211.53,2025/03/10
M03361,P2756,100,2,208.16,Apr 12 2025
M03362,P2514,120,3,94.23,Apr 12 2025
M03363,P2095,75,4,122.4,15/02/2025
M03364,P1142,147,2,170.39,2025-01-15
M03365,P0089,78,3,156.33,2025/03/10
M03366,P0024,105,4,72.03,Apr 12 2025
M03367,P1340,98,4,207.9,2025-01-15
M03368,P0586,13,6,121.69,15/02/2025
M03369,P3075,114,3,170.86,15/02/2025
M03370,P2447,59,5,104.33,2025-01-15
M03371,P2515,112,4,182.2,2025/03/10
M03372,P2806,68,6,73.54,15/02/2025
M03373,P2358,28,2,124.3,2025/03/10
M03374,P3691,1,1,75.05,15/02/2025
M03375,P1199,126,3,143.52,2025-01-15
M03376,P1176,88,3,172.92,Apr 12 2025
M03377,P3515,35,2,69.76,2025/03/10
M03378,P2860,13,3,54.12,15/02/2025
M03379,P2662,135,1,65.91,Apr 12 2025
M03380,P2276,36,6,91.31,Apr 12 2025
M03381,P2643,39,5,59.54,2025/03/10
M03382,P1298,16,5,206.83,Apr 12 2025
M03383,P1640,113,0,117.22,Apr 12 2025
M03384,P2582,56,5,73.91,Apr 12 2025
M03385,P0822,1,0,61.45,15/02/2025
M03386,P3618,38,0,189.69,2025-01-15
M03387,P3651,132,2,135.57,2025/03/10
M03388,P0519,99,6,93.03,15/02/2025
M03389,P0839,54,3,194.35,Apr 12 2025
M03390,P0094,130,1,209.55,Apr 12 2025
M03391,P2043,21,5,85.16,2025-01-15
M03392,P3490,85,5,165.12,2025/03/10
M03393,P3649,111,4,72.62,2025/03/10
M03394,P3757,107,2,146.6,2025-01-15
M03395,P0466,48,1,94.46,2025/03/10
M03396,P3128,23,4,208.19,2025/03/10
M03397,P0205,0,0,68.41,2025/03/10
M03398,P1196,100,0,130.78,2025-01-15
M03399,P2216,12,1,211.78,2025-01-15
M03400,P1171,65,5,61.58,2025/03/10
M03401,P0252,69,1,60.86,Apr 12 2025
M03402,P1577,130,2,62.89,15/02/2025
M03403,P3415,84,1,138.81,2025-01-15
M03404,P1125,131,5,86.93,2025/03/10
M03405,P1877,81,2,135.97,15/02/2025
M03406,P0173,3,0,206.77,2025/03/10
M03407,P1563,72,3,68.7,Apr 12 2025
M03408,P2249,67,0,65.51,2025-01-15
M03409,P0634,118,6,205.02,2025-01-15
M03410,P1659,134,5,144.99,15/02/2025
M03411,P1982,26,3,65.88,2025/03/10
M03412,P2114,99,3,216.76,Apr 12 2025
M03413,P0463,21,4,147.12,Apr 12 2025
M03414,P1797,91,4,175.09,15/02/2025
M03415,P2720,50,1,120.35,Apr 12 2025
M03416,P3563,10,5,104.54,2025-01-15
M03417,P1364,137,1,113.74,2025/03/10
M03418,P1461,138,0,149.97,Apr 12 2025
M03419,P1341,112,5,75.49,2025/03/10
M03420,P1012,93,1,217.86,15/02/2025
M03421,P1157,40,3,118.03,15/02/2025
M03422,P0387,119,6,169.07,2025/03/10
M03423,P2292,11,0,165.82,2025/03/10
M03424,P3806,108,3,143.17,15/02/2025
M03425,P0018,51,0,75.78,2025/03/10
M03426,P0838,40,6,128.54,Apr 12 2025
M03427,P3089,98,3,150.73,15/02/2025
M03428,P1045,81,0,158.46,2025-01-15
M03429,P0675,81,1,198.71,2025/03/10
M03430,P3865,76,3,68.1,15/02/2025
M03431,P0019,139,3,189.09,2025-01-15
M03432,P2193,144,3,71.26,2025-01-15
M03433,P2617,116,6,190.87,15/02/2025
M03434,P3892,123,6,130.77,Apr 12 2025
M03435,P3768,29,0,199.4,2025/03/10
M03436,P0575,81,1,167.86,Apr 12 2025
M03437,P2673,129,3,83.73,2025-01-15
M03438,P0036,113,0,74.89,2025-01-15
M03439,P3389,36,5,195.78,15/02/2025
M03440,P0793,75,5,99.35,15/02/2025
M03441,P3640,13,2,175.61,Apr 12 2025
M03442,P3477,114,3,65.97,Apr 12 2025
M03443,P3829,30,5,148.54,Apr 12 2025
M03444,P0444,96,2,170.66,Apr 12 2025
M03445,P1434,102,3,180.84,Apr 12 2025
M03446,P1213,10,4,153.6,Apr 12 2025
M03447,P2147,60,1,98.89,2025/03/10
M03448,P0066,4,4,171.28,15/02/2025
M03449,P0662,72,1,217.69,Apr 12 2025
M03450,P2795,93,1,182.66,15/02/2025
M03451,P2845,46,1,192.42,2025-01-15
M03452,P3114,66,1,217.29,2025-01-15
M03453,P1879,5,2,167.86,Apr 12 2025
M03454,P2752,62,3,58.51,2025-01-15
M03455,P1371,126,6,158.89,2025-01-15
M03456,P0339,84,0,176.69,2025-01-15
M03457,P0180,17,3,170.5,15/02/2025
M03458,P1717,2,0,135.67,15/02/2025
M03459,P1644,89,4,147.21,15/02/2025
M03460,P2742,66,6,129.68,2025/03/10
M03461,P2449,116,6,144.57,15/02/2025
M03462,P0904,81,2,136.29,15/02/2025
M03463,P1468,125,0,152.02,2025-01-15
M03464,P1162,146,3,130.24,2025-01-15
M03465,P3352,64,3,91.22,Apr 12 2025
M03466,P2596,99,6,98.22,15/02/2025
M03467,P3328,39,0,199.02,2025-01-15
M03468,P3861,126,5,73.58,Apr 12 2025
M03469,P1734,93,1,182.38,15/02/2025
M03470,P1272,100,4,106.62,15/02/2025
M03471,P2952,127,5,71.85,2025-01-15
M03472,P0162,8,5,199.7,15/02/2025
M03473,P0086,139,3,162.89,2025-01-15
M03474,P1246,96,6,52.97,2025-01-15
M03475,P2414,6,4,180.17,2025/03/10
M03476,P0854,36,3,199.16,Apr 12 2025
M03477,P2670,51,5,59.69,15/02/2025
M03478,P0961,81,3,193.65,15/02/2025
M03479,P1563,51,6,52.19,2025-01-15
M03480,P0233,9,4,58.91,15/02/2025
M03481,P0271,141,3,138.58,2025-01-15
M03482,P3316,79,6,190.07,2025-01-15
M03483,P0711,134,5,217.01,15/02/2025
M03484,P1376,71,0,106.97,15/02/2025
M03485,P2560,12,4,175.73,2025-01-15
M03486,P3783,67,5,87.51,Apr 12 2025
M03487,P1709,108,0,91.22,Apr 12 2025
M03488,P1614,43,4,205.75,2025-01-15
M03489,P2097,21,1,217.46,Apr 12 2025
M03490,P2130,17,2,195.02,2025/03/10
M03491,P3195,117,5,216.84,Apr 12 2025
M03492,P3469,0,6,109.07,15/02/2025
M03493,P0302,22,0,216.51,15/02/2025
M03494,P2763,62,0,196.54,Apr 12 2025
M03495,P2037,51,4,126.14,2025/03/10
M03496,P0572,24,4,149.37,2025-01-15
M03497,P3060,78,1,163.44,15/02/2025
M03498,P1944,104,5,196.8,2025-01-15
M03499,P3103,26,3,188.09,Apr 12 2025
M03500,P1962,25,4,134.19,Apr 12 2025
M03501,P3563,32,5,140.23,15/02/2025
M03502,P1676,60,3,142.61,2025/03/10
M03503,P0101,22,5,161.31,15/02/2025
M03504,P1884,102,1,150.66,15/02/2025
M03505,P1742,110,3,125.46,2025-01-15
M03506,P2335,49,3,159.41,2025-01-15
M03507,P3890,101,6,105.23,15/02/2025
M03508,P2255,137,4,50.11,2025/03/10
M03509,P2379,149,1,187.43,2025-01-15
M03510,P0556,82,2,155.82,Apr 12 2025
M03511,P1905,38,3,104.86,Apr 12 2025
M03512,P1558,75,0,143.34,15/02/2025
M03513,P3737,142,2,213.13,2025-01-15
M03514,P1299,7,0,206.14,2025/03/10
M03515,P0512,112,0,201.63,Apr 12 2025
M03516,P1351,123,4,149.06,2025-01-15
M03517,P3371,35,4,212.74,2025/03/10
M03518,P3553,101,2,186.24,Apr 12 2025
M03519,P0329,29,6,216.09,Apr 12 2025
M03520,P0162,14,6,160.75,2025-01-15
M03521,P0018,47,2,95.86,15/02/2025
M03522,P2142,114,4,192.0,Apr 12 2025
M03523,P1432,118,0,156.5,2025-01-15
M03524,P3171,36,4,83.35,2025-01-15
M03525,P0417,38,2,157.72,2025-01-15
M03526,P2637,129,3,192.05,2025-01-15
M03527,P2021,70,1,147.18,2025-01-15
M03528,P1645,88,1,219.23,15/02/2025
M03529,P0931,48,3,152.8,2025-01-15
M03530,P2597,143,0,115.36,2025-01-15
M03531,P0056,127,5,83.25,15/02/2025
M03532,P3328,66,6,79.37,Apr 12 2025
M03533,P2668,108,1,94.13,Apr 12 2025
M03534,P1489,61,3,210.68,2025/03/10
M03535,P0102,83,3,200.3,2025-01-15
M03536,P3305,70,2,116.47,2025/03/10
M03537,P3692,104,5,182.09,Apr 12 2025
M03538,P1048,12,5,114.67,Apr 12 2025
M03539,P3232,53,2,159.81,2025/03/10
M03540,P3850,95,1,93.25,2025-01-15
M03541,P1150,97,5,122.95,Apr 12 2025
M03542,P1450,131,1,163.26,2025/03/10
M03543,P2076,50,6,100.43,15/02/2025
M03544,P2709,90,5,143.0,Apr 12 2025
M03545,P2581,40,6,120.8,Apr 12 2025
M03546,P0885,111,3,191.08,2025/03/10
M03547,P0985,39,0,196.32,Apr 12 2025
M03548,P1937,93,4,130.07,2025/03/10
M03549,P0999,40,6,200.25,Apr 12 2025
M03550,P3160,143,1,161.67,2025/03/10
M03551,P1232,62,6,215.82,Apr 12 2025
M03552,P2446,86,6,141.05,2025/03/10
M03553,P0098,78,2,185.95,2025/03/10
M03554,P2953,8,4,79.73,2025/03/10
M03555,P1643,118,1,174.58,2025-01-15
M03556,P0210,117,1,97.66,15/02/2025
M03557,P2324,11,5,129.46,15/02/2025
M03558,P3747,125,1,193.57,2025/03/10
M03559,P1105,88,5,156.91,2025-01-15
M03560,P0990,143,0,60.78,15/02/2025
M03561,P1373,143,2,68.69,2025-01-15
M03562,P2772,33,5,168.52,2025-01-15
M03563,P1229,87,0,161.85,2025-01-15
M03564,P1277,53,2,88.59,2025-01-15
M03565,P0571,118,4,95.02,15/02/2025
M03566,P3377,57,6,133.55,2025/03/10
M03567,P0771,20,6,172.66,2025-01-15
M03568,P0458,36,1,161.66,2025-01-15
M03569,P1126,42,3,110.85,Apr 12 2025
M03570,P3347,67,1,143.73,Apr 12 2025
M03571,P3712,46,6,163.53,2025-01-15
M03572,P2835,13,4,111.79,15/02/2025
M03573,P2165,49,4,171.54,2025/03/10
M03574,P1428,74,2,212.28,2025/03/10
M03575,P2589,110,0,185.69,2025-01-15
M03576,P2395,59,2,65.94,Apr 12 2025
M03577,P2727,77,2,190.9,2025/03/10
M03578,P3096,56,5,127.14,2025-01-15
M03579,P3784,106,1,130.56,2025-01-15
M03580,P1703,116,1,92.07,2025/03/10
M03581,P1579,24,6,73.87,2025-01-15
M03582,P2736,81,6,130.86,Apr 12 2025
M03583,P2946,42,6,122.32,2025-01-15
M03584,P0712,108,0,137.33,2025-01-15
M03585,P2094,113,3,77.16,2025-01-15
M03586,P1737,146,1,64.25,Apr 12 2025
M03587,P0986,5,6,193.49,2025/03/10
M03588,P3891,18,3,176.6,2025-01-15
M03589,P1273,85,0,171.09,15/02/2025
M03590,P3759,32,5,169.66,Apr 12 2025
M03591,P1806,58,5,186.65,15/02/2025
M03592,P3116,55,2,182.88,2025-01-15
M03593,P1264,128,2,194.54,2025-01-15
M03594,P2694,74,5,75.88,15/02/2025
M03595,P1513,62,3,100.62,2025-01-15
M03596,P3519,37,4,79.87,15/02/2025
M03597,P0439,63,2,72.53,2025/03/10
M03598,P3143,94,3,114.36,15/02/2025
M03599,P2484,16,0,172.12,2025/03/10
M03600,P2419,6,5,98.49,2025/03/10
M03601,P0795,21,4,194.64,15/02/2025
M03602,P2650,76,1,124.1,2025/03/10
M03603,P0922,21,0,166.56,15/02/2025
M03604,P2722,149,3,132.22,2025-01-15
M03605,P1314,4,3,75.0,2025-01-15
M03606,P3886,119,4,71.51,2025/03/10
M03607,P3314,16,3,86.32,15/02/2025
M03608,P2086,28,6,122.65,2025-01-15
M03609,P3046,13,5,135.58,15/02/2025
M03610,P3360,39,1,66.65,15/02/2025
M03611,P1627,145,0,183.76,Apr 12 2025
M03612,P0893,117,3,182.26,2025-01-15
M03613,P3166,6,2,73.27,Apr 12 2025
M03614,P1997,0,3,159.39,2025/03/10
M03615,P3484,20,2,196.78,2025-01-15
M03616,P1042,70,2,58.69,15/02/2025
M03617,P0025,33,6,159.85,15/02/2025
M03618,P2296,126,4,154.2,15/02/2025
M03619,P3051,79,5,108.86,2025-01-15
M03620,P0697,80,4,117.96,Apr 12 2025
M03621,P0194,60,5,182.45,2025/03/10
M03622,P0035,52,2,119.37,Apr 12 2025
M03623,P2783,89,2,156.32,15/02/2025
M03624,P0984,108,4,135.85,2025-01-15
M03625,P0310,62,6,143.41,15/02/2025
M03626,P1829,44,0,58.24,2025/03/10
M03627,P0411,62,1,97.74,2025-01-15
M03628,P0412,139,2,77.15,2025-01-15
M03629,P0404,60,4,161.78,15/02/2025
M03630,P1482,60,1,55.36,15/02/2025
M03631,P2807,19,6,164.26,2025-01-15
M03632,P2965,105,1,120.61,2025-01-15
M03633,P0974,137,4,165.05,2025-01-15
M03634,P2657,122,1,175.51,2025-01-15
M03635,P1909,130,4,170.09,Apr 12 2025
M03636,P1755,123,1,57.85,2025-01-15
M03637,P1449,33,0,93.69,2025-01-15
M03638,P3198,12,3,205.27,Apr 12 2025
M03639,P0468,111,1,95.73,2025/03/10
M03640,P3570,7,6,161.22,2025/03/10
M03641,P0427,46,1,127.99,2025/03/10
M03642,P0332,28,6,149.3,2025-01-15
M03643,P2549,67,6,159.24,2025/03/10
M03644,P1064,93,3,152.94,15/02/2025
M03645,P2527,101,2,107.53,2025-01-15
M03646,P2458,47,3,122.72,2025-01-15
M03647,P0968,112,3,174.84,2025-01-15
M03648,P2819,128,4,120.6,15/02/2025
M03649,P3468,108,1,149.39,Apr 12 2025
M03650,P0437,34,5,118.29,Apr 12 2025
M03651,P3784,112,4,87.19,2025-01-15
M03652,P1525,93,3,85.27,2025-01-15
M03653,P0802,139,6,194.85,Apr 12 2025
M03654,P3062,73,6,218.77,15/02/2025
M03655,P2988,35,1,166.86,2025/03/10
M03656,P2733,97,0,101.33,Apr 12 2025
M03657,P3629,97,1,134.02,15/02/2025
M03658,P2980,55,0,100.47,2025-01-15
M03659,P0294,117,3,182.45,2025/03/10
M03660,P0714,26,2,81.55,15/02/2025
M03661,P0462,101,4,175.31,15/02/2025
M03662,P3634,106,2,131.46,2025/03/10
M03663,P1591,80,3,141.57,Apr 12 2025
M03664,P2430,130,3,207.59,15/02/2025
M03665,P1546,141,4,182.5,15/02/2025
M03666,P0013,7,2,142.02,Apr 12 2025
M03667,P2798,58,3,173.92,2025-01-15
M03668,P3136,88,4,215.84,15/02/2025
M03669,P3193,29,5,159.45,Apr 12 2025
M03670,P3830,14,3,106.07,15/02/2025
M03671,P1148,16,0,204.33,2025-01-15
M03672,P1545,37,4,66.01,Apr 12 2025
M03673,P0698,32,4,76.67,Apr 12 2025
M03674,P0509,132,1,53.47,2025-01-15
M03675,P1829,149,6,218.11,Apr 12 2025
M03676,P2671,13,6,190.66,2025/03/10
M03677,P2774,114,4,154.18,2025/03/10
M03678,P3411,147,3,202.05,Apr 12 2025
M03679,P2558,14,2,77.41,15/02/2025
M03680,P0437,125,0,68.76,Apr 12 2025
M03681,P3239,85,3,110.51,2025-01-15
M03682,P2265,136,5,67.34,2025-01-15
M03683,P1773,19,3,85.91,2025/03/10
M03684,P1665,62,0,218.84,15/02/2025
M03685,P3396,24,1,151.38,2025/03/10
M03686,P3412,90,3,189.06,Apr 12 2025
M03687,P0424,107,4,101.87,Apr 12 2025
M03688,P0893,124,4,136.21,2025-01-15
M03689,P2351,54,4,195.0,2025-01-15
M03690,P1606,135,1,168.61,2025-01-15
M03691,P3128,53,5,189.96,Apr 12 2025
M03692,P0315,109,3,109.17,15/02/2025
M03693,P0471,99,1,186.42,15/02/2025
M03694,P1727,30,6,192.39,2025-01-15
M03695,P1926,134,2,95.52,2025-01-15
M03696,P3090,11,2,167.17,2025-01-15
M03697,P0994,121,5,77.77,2025/03/10
M03698,P3071,75,2,137.7,2025/03/10
M03699,P2063,57,2,168.12,15/02/2025
M03700,P2786,150,4,178.95,2025-01-15
M03701,P0628,123,6,97.34,15/02/2025
M03702,P2473,39,1,204.83,2025/03/10
M03703,P0434,112,6,96.3,15/02/2025
M03704,P1322,142,0,156.99,2025/03/10
M03705,P3409,126,6,121.57,15/02/2025
M03706,P3706,27,6,169.55,15/02/2025
M03707,P2895,48,3,187.89,2025-01-15
M03708,P2852,138,3,89.66,2025/03/10
M03709,P1467,66,0,190.22,2025/03/10
M03710,P1304,59,0,103.37,15/02/2025
M03711,P3179,13,4,91.2,Apr 12 2025
M03712,P2449,102,4,162.45,2025/03/10
M03713,P3176,11,5,149.81,2025/03/10
M03714,P1485,148,4,129.02,2025/03/10
M03715,P3747,8,4,217.5,15/02/2025
M03716,P2878,27,3,132.19,15/02/2025
M03717,P1347,23,3,118.08,2025-01-15
M03718,P0273,52,1,213.71,Apr 12 2025
M03719,P0787,109,3,54.89,15/02/2025
M03720,P0496,122,5,88.48,2025/03/10
M03721,P0046,46,2,72.54,15/02/2025
M03722,P2648,43,5,194.67,2025/03/10
M03723,P0386,134,6,192.71,15/02/2025
M03724,P3321,15,3,164.53,15/02/2025
M03725,P0758,60,3,103.15,2025-01-15
M03726,P0386,139,0,160.3,2025/03/10
M03727,P1189,68,1,100.41,2025/03/10
M03728,P0637,7,1,167.83,15/02/2025
M03729,P3312,94,0,168.61,2025/03/10
M03730,P1800,105,2,169.26,2025-01-15
M03731,P0484,131,3,161.75,2025/03/10
M03732,P1707,70,0,154.16,2025/03/10
M03733,P0423,79,3,109.76,2025-01-15
M03734,P3676,49,3,56.62,2025/03/10
M03735,P3404,34,2,192.59,2025-01-15
M03736,P2804,14,4,204.58,15/02/2025
M03737,P1580,19,5,203.31,2025-01-15
M03738,P0112,51,2,115.17,2025/03/10
M03739,P0743,147,4,218.31,2025-01-15
M03740,P2598,44,1,131.65,Apr 12 2025
M03741,P1773,149,5,209.21,Apr 12 2025
M03742,P2458,44,6,78.54,2025/03/10
M03743,P0958,59,4,115.23,2025/03/10
M03744,P0381,16,5,189.86,15/02/2025
M03745,P2494,4,6,155.59,15/02/2025
M03746,P3209,78,1,97.68,15/02/2025
M03747,P1205,0,3,122.19,15/02/2025
M03748,P2099,48,2,119.72,15/02/2025
M03749,P3302,76,5,137.96,15/02/2025
M03750,P0976,65,1,130.35,2025-01-15
M03751,P3847,134,3,124.15,2025/03/10
M03752,P2997,9,4,123.89,2025/03/10
M03753,P3326,73,1,98.33,15/02/2025
M03754,P1572,34,4,106.06,2025-01-15
M03755,P1843,68,1,107.8,2025-01-15
M03756,P2366,88,1,215.59,2025/03/10
M03757,P2494,69,3,193.4,2025-01-15
M03758,P1019,145,3,187.13,Apr 12 2025
M03759,P1161,83,1,104.86,2025-01-15
M03760,P3439,120,3,105.78,2025/03/10
M03761,P1876,31,6,143.41,15/02/2025
M03762,P0019,9,6,150.63,2025/03/10
M03763,P1123,34,4,136.47,Apr 12 2025
M03764,P0870,70,2,175.73,Apr 12 2025
M03765,P2732,96,4,213.69,Apr 12 2025
M03766,P1844,150,4,153.92,2025/03/10
M03767,P1872,4,3,169.14,Apr 12 2025
M03768,P2869,5,6,196.76,Apr 12 2025
M03769,P2394,13,0,193.87,Apr 12 2025
M03770,P3720,21,0,54.47,15/02/2025
M03771,P3271,134,2,185.34,Apr 12 2025
M03772,P0421,86,3,131.67,2025/03/10
M03773,P1716,110,5,105.38,2025/03/10
M03774,P0314,138,5,135.88,2025-01-15
M03775,P2811,24,3,133.54,2025/03/10
M03776,P1069,144,5,166.13,15/02/2025
M03777,P1164,53,2,153.82,Apr 12 2025
M03778,P2358,132,2,53.17,2025/03/10
M03779,P1328,4,5,106.97,Apr 12 2025
M03780,P1674,147,6,211.23,Apr 12 2025
M03781,P1406,79,0,73.07,2025/03/10
M03782,P3692,45,6,145.37,2025-01-15
M03783,P1932,137,4,78.53,2025/03/10
M03784,P3284,114,0,101.11,2025-01-15
M03785,P3460,33,2,59.47,15/02/2025
M03786,P2208,82,6,169.97,Apr 12 2025
M03787,P1753,44,6,113.99,2025/03/10
M03788,P2107,18,5,119.92,15/02/2025
M03789,P2119,73,4,91.56,Apr 12 2025
M03790,P3521,143,6,58.8,Apr 12 2025
M03791,P0803,82,4,109.63,2025-01-15
M03792,P2950,21,0,180.86,15/02/2025
M03793,P1800,140,4,114.15,2025/03/10
M03794,P0345,53,0,179.05,2025/03/10
M03795,P0604,125,3,109.55,Apr 12 2025
M03796,P3109,121,0,201.56,Apr 12 2025
M03797,P1342,106,1,58.77,15/02/2025
M03798,P3062,108,1,93.13,2025/03/10
M03799,P0866,66,3,136.47,Apr 12 2025
M03800,P3061,62,1,67.84,2025-01-15
M03801,P2762,38,1,87.8,Apr 12 2025
M03802,P2784,107,0,131.05,2025-01-15
M03803,P1838,56,6,71.09,Apr 12 2025
M03804,P1235,71,6,110.75,Apr 12 2025
M03805,P3630,109,1,164.78,15/02/2025
M03806,P1590,62,3,125.56,2025/03/10
M03807,P2854,10,4,154.42,Apr 12 2025
M03808,P3333,126,2,183.2,2025/03/10
M03809,P2512,69,5,98.77,15/02/2025
M03810,P3855,73,6,135.41,2025/03/10
M03811,P0567,150,2,194.24,Apr 12 2025
M03812,P3072,117,6,93.14,2025-01-15
M03813,P3086,61,3,116.18,Apr 12 2025
M03814,P2284,121,2,54.25,15/02/2025
M03815,P0093,122,3,129.43,2025-01-15
M03816,P1263,113,2,83.95,2025-01-15
M03817,P0312,81,6,130.1,15/02/2025
M03818,P2670,53,0,155.74,2025-01-15
M03819,P3231,8,5,172.0,2025/03/10
M03820,P3025,8,6,119.54,Apr 12 2025
M03821,P1463,129,1,91.17,2025/03/10
M03822,P2959,67,2,91.51,2025/03/10
M03823,P2682,108,2,91.82,15/02/2025
M03824,P3743,51,6,165.06,Apr 12 2025
M03825,P1761,8,5,166.2,2025-01-15
M03826,P3530,9,2,129.29,2025-01-15
M03827,P0288,15,5,91.74,2025/03/10
M03828,P2396,92,6,121.64,2025-01-15
M03829,P2458,128,4,150.57,Apr 12 2025
M03830,P3415,80,0,64.75,2025-01-15
M03831,P2797,81,4,86.56,Apr 12 2025
M03832,P3226,70,3,122.49,2025/03/10
M03833,P2991,78,3,126.28,2025-01-15
M03834,P2092,104,4,132.77,2025-01-15
M03835,P1150,118,5,149.2,Apr 12 2025
M03836,P2750,98,4,200.52,2025-01-15
M03837,P3033,95,5,72.64,Apr 12 2025
M03838,P1406,150,2,52.85,2025-01-15
M03839,P1132,42,5,89.55,15/02/2025
M03840,P0015,46,4,169.74,Apr 12 2025
M03841,P1732,73,6,52.95,2025/03/10
M03842,P3434,123,5,91.13,Apr 12 2025
M03843,P0716,39,0,93.07,2025/03/10
M03844,P0276,55,0,140.43,Apr 12 2025
M03845,P0133,78,3,102.28,15/02/2025
M03846,P0874,141,4,192.46,2025/03/10
M03847,P1859,128,2,78.5,Apr 12 2025
M03848,P1226,77,6,71.79,15/02/2025
M03849,P1341,67,2,67.53,15/02/2025
M03850,P3754,57,6,135.77,15/02/2025
M03851,P3434,91,0,141.34,Apr 12 2025
M03852,P1695,79,6,196.97,Apr 12 2025
M03853,P1239,24,1,65.33,15/02/2025
M03854,P3763,93,0,135.93,15/02/2025
M03855,P0036,36,2,137.4,15/02/2025
M03856,P1096,107,6,104.11,2025-01-15
M03857,P1431,53,4,209.06,2025/03/10
M03858,P2613,42,5,70.22,2025/03/10
M03859,P1408,14,6,148.15,2025/03/10
M03860,P2892,19,1,215.09,Apr 12 2025
M03861,P1353,92,6,138.2,2025-01-15
M03862,P1544,117,2,178.84,15/02/2025
M03863,P0882,137,1,210.22,2025-01-15
M03864,P2407,56,2,140.52,2025-01-15
M03865,P2244,10,5,59.43,15/02/2025
M03866,P2183,16,6,93.89,Apr 12 2025
M03867,P0775,66,1,169.61,15/02/2025
M03868,P1277,40,0,167.15,2025/03/10
M03869,P2353,118,5,193.0,2025-01-15
M03870,P3443,150,5,207.04,15/02/2025
M03871,P0260,131,2,76.31,15/02/2025
M03872,P1210,23,0,100.27,Apr 12 2025
M03873,P0361,50,1,64.25,2025/03/10
M03874,P1485,50,6,59.18,2025-01-15
M03875,P1314,57,0,82.27,2025/03/10
M03876,P1216,2,3,124.96,2025-01-15
M03877,P2752,25,0,154.83,Apr 12 2025
M03878,P1477,140,2,162.82,2025/03/10
M03879,P1310,116,3,176.04,Apr 12 2025
M03880,P0973,78,2,217.95,2025/03/10
M03881,P0491,142,5,215.54,2025-01-15
M03882,P0580,104,4,195.81,2025/03/10
M03883,P1398,39,0,120.89,2025-01-15
M03884,P3830,26,0,121.29,2025-01-15
M03885,P3759,97,5,114.69,2025-01-15
M03886,P0071,15,6,200.99,15/02/2025
M03887,P0656,64,1,186.01,2025-01-15
M03888,P1657,137,1,120.96,15/02/2025
M03889,P0623,21,5,187.79,2025/03/10
M03890,P3801,102,1,160.57,Apr 12 2025
M03891,P3423,145,6,114.85,15/02/2025
M03892,P0125,135,1,157.34,Apr 12 2025
M03893,P2347,22,5,50.66,2025/03/10
M03894,P2330,58,1,162.55,2025/03/10
M03895,P2017,33,6,72.55,Apr 12 2025
M03896,P0202,51,1,74.78,2025-01-15
M03897,P2644,118,6,95.45,2025/03/10
M03898,P2522,126,5,71.9,15/02/2025
M03899,P2280,118,0,74.61,2025/03/10
M03900,P0362,75,2,81.67,2025-01-15
M03901,P1357,131,6,159.23,15/02/2025
M03902,P3742,132,3,52.71,Apr 12 2025
M03903,P0180,73,4,54.88,15/02/2025
M03904,P1074,3,3,183.14,2025/03/10
M03905,P3631,122,2,126.7,Apr 12 2025
M03906,P2837,87,0,172.06,2025-01-15
M03907,P1054,21,5,135.45,2025/03/10
M03908,P1785,100,5,94.13,2025-01-15
M03909,P0385,99,2,156.59,2025/03/10
M03910,P1768,34,1,137.52,Apr 12 2025
M03911,P2175,130,4,125.28,Apr 12 2025
M03912,P1424,108,5,217.03,15/02/2025
M03913,P0304,52,3,162.03,2025-01-15
M03914,P1707,32,1,193.37,2025-01-15
M03915,P3624,22,0,185.89,15/02/2025
M03916,P2278,97,0,206.76,Apr 12 2025
M03917,P3403,150,2,163.12,Apr 12 2025
M03918,P3697,20,6,148.16,2025-01-15
M03919,P0878,130,0,85.24,2025-01-15
M03920,P3113,65,6,219.11,2025/03/10
M03921,P2990,62,4,78.64,2025/03/10
M03922,P1262,18,4,170.92,2025-01-15
M03923,P1064,117,6,145.77,2025-01-15
M03924,P1482,59,2,124.88,15/02/2025
M03925,P2411,91,0,212.74,Apr 12 2025
M03926,P1943,55,5,59.57,2025/03/10
M03927,P2985,56,1,161.78,Apr 12 2025
M03928,P2022,2,6,144.62,Apr 12 2025
M03929,P3337,135,5,180.94,2025/03/10
M03930,P1557,38,4,201.46,2025/03/10
M03931,P3172,136,5,81.55,15/02/2025
M03932,P2153,42,5,141.21,2025-01-15
M03933,P3114,28,4,87.12,15/02/2025
M03934,P1530,53,0,124.25,2025/03/10
M03935,P1750,137,5,100.66,Apr 12 2025
M03936,P1987,104,5,134.19,2025-01-15
M03937,P2502,102,2,105.07,15/02/2025
M03938,P1965,68,5,97.72,2025/03/10
M03939,P3404,147,3,106.9,2025-01-15
M03940,P0947,91,5,84.11,Apr 12 2025
M03941,P1321,88,5,183.84,2025/03/10
M03942,P2457,40,4,169.0,Apr 12 2025
M03943,P1125,137,5,127.75,2025/03/10
M03944,P0357,16,5,158.14,Apr 12 2025
M03945,P2802,40,3,125.44,2025-01-15
M03946,P3437,30,6,154.91,Apr 12 2025
M03947,P1739,65,2,88.08,Apr 12 2025
M03948,P1457,81,0,180.48,Apr 12 2025
M03949,P1273,28,4,118.56,Apr 12 2025
M03950,P0974,2,6,58.47,15/02/2025
M03951,P1438,129,6,81.23,2025-01-15
M03952,P1623,49,6,56.4,2025/03/10
M03953,P2358,121,5,158.68,15/02/2025
M03954,P3777,71,1,71.46,2025/03/10
M03955,P3111,138,6,176.67,2025/03/10
M03956,P3164,42,3,114.87,2025-01-15
M03957,P2326,133,6,93.19,2025-01-15
M03958,P0340,129,0,96.68,15/02/2025
M03959,P0806,76,4,50.85,2025/03/10
M03960,P3566,56,3,177.12,2025/03/10
M03961,P3255,134,3,118.04,Apr 12 2025
M03962,P0428,88,2,94.41,Apr 12 2025
M03963,P3608,4,2,91.66,15/02/2025
M03964,P3656,100,0,154.56,Apr 12 2025
M03965,P1985,68,5,190.2,Apr 12 2025
M03966,P2593,35,3,73.13,2025/03/10
M03967,P3070,52,3,207.28,2025/03/10
M03968,P2557,146,0,68.2,15/02/2025
M03969,P2911,135,6,216.85,Apr 12 2025
M03970,P1821,39,6,135.22,2025-01-15
M03971,P0700,21,2,214.87,15/02/2025
M03972,P2282,62,6,53.33,Apr 12 2025
M03973,P1860,87,6,104.4,15/02/2025
M03974,P0366,40,3,81.01,2025/03/10
M03975,P0892,94,3,131.21,2025/03/10
M03976,P1182,101,0,125.79,2025-01-15
M03977,P3405,123,6,108.38,2025-01-15
M03978,P2487,129,0,127.53,2025/03/10
M03979,P1517,17,1,147.34,2025/03/10
M03980,P1225,24,6,102.16,15/02/2025
M03981,P1389,52,5,67.05,2025/03/10
M03982,P2540,138,1,138.4,15/02/2025
M03983,P2120,86,5,146.96,2025/03/10
M03984,P1803,113,3,109.59,2025/03/10
M03985,P2386,9,3,53.19,2025/03/10
M03986,P1242,67,5,184.94,15/02/2025
M03987,P2616,78,1,217.28,Apr 12 2025
M03988,P2200,120,5,133.75,2025/03/10
M03989,P3522,105,6,145.83,15/02/2025
M03990,P2974,0,6,148.98,2025-01-15
M03991,P1995,103,5,90.97,2025-01-15
M03992,P1417,53,2,150.94,Apr 12 2025
M03993,P0512,13,5,58.12,2025-01-15
M03994,P3891,85,5,92.88,Apr 12 2025
M03995,P3518,58,6,98.92,2025/03/10
M03996,P0985,18,6,202.05,2025/03/10
M03997,P2844,137,3,72.69,2025/03/10
M03998,P3861,93,3,213.53,2025/03/10
M03999,P1644,65,0,87.95,2025/03/10
M04000,P2655,124,2,66.19,2025/03/10
M04001,P3587,95,3,86.38,2025/03/10
M04002,P0622,60,6,74.58,2025/03/10
M04003,P1528,89,4,53.0,2025/03/10
M04004,P1991,77,6,132.93,2025-01-15
M04005,P2678,104,3,57.53,2025/03/10
M04006,P2573,30,6,82.88,15/02/2025
M04007,P0977,54,5,175.13,2025/03/10
M04008,P1819,0,2,53.1,2025-01-15
M04009,P1031,102,6,150.79,Apr 12 2025
M04010,P2596,24,2,174.02,Apr 12 2025
M04011,P2743,125,5,187.59,15/02/2025
M04012,P1192,31,4,109.38,2025/03/10
M04013,P2343,87,0,138.09,15/02/2025
M04014,P2046,72,2,171.36,Apr 12 2025
M04015,P0152,31,3,54.32,Apr 12 2025
M04016,P0413,4,0,128.22,2025-01-15
M04017,P2700,10,6,67.83,2025-01-15
M04018,P3851,98,3,147.37,2025/03/10
M04019,P2354,8,3,142.31,15/02/2025
M04020,P3868,135,2,103.35,2025-01-15
M04021,P1630,39,0,177.37,2025/03/10
M04022,P2369,60,5,143.45,Apr 12 2025
M04023,P1824,102,5,92.5,15/02/2025
M04024,P3239,109,3,219.98,2025/03/10
M04025,P3602,91,5,139.62,Apr 12 2025
M04026,P0187,125,0,127.26,15/02/2025
M04027,P2188,137,1,95.92,2025-01-15
M04028,P0876,59,6,108.72,2025-01-15
M04029,P3086,49,4,51.24,2025/03/10
M04030,P0777,12,4,129.58,2025/03/10
M04031,P0676,126,5,102.66,15/02/2025
M04032,P1771,103,6,164.3,15/02/2025
M04033,P1285,122,5,181.22,Apr 12 2025
M04034,P1809,16,5,95.57,2025-01-15
M04035,P0803,2,5,58.76,Apr 12 2025
M04036,P2759,58,6,111.91,Apr 12 2025
M04037,P3455,93,4,188.34,Apr 12 2025
M04038,P3377,6,4,79.6,2025/03/10
M04039,P0744,106,1,202.48,Apr 12 2025
M04040,P3317,67,5,182.33,2025-01-15
M04041,P0580,129,6,179.81,Apr 12 2025
M04042,P1758,149,0,65.04,15/02/2025
M04043,P2754,32,1,185.45,15/02/2025
M04044,P0310,67,5,161.8,2025/03/10
M04045,P3551,40,6,114.19,2025-01-15
M04046,P2399,125,6,159.12,15/02/2025
M04047,P3453,85,6,155.18,2025/03/10
M04048,P1616,81,3,213.84,2025/03/10
M04049,P1547,95,5,86.51,2025/03/10
M04050,P2812,81,2,98.69,2025-01-15
M04051,P0449,133,0,185.54,2025/03/10
M04052,P0350,54,3,206.63,15/02/2025
M04053,P2094,4,5,107.48,2025-01-15
M04054,P0845,141,6,160.17,2025-01-15
M04055,P2827,55,3,192.38,Apr 12 2025
M04056,P2102,77,6,66.95,2025/03/10
M04057,P3531,127,0,94.23,15/02/2025
M04058,P0680,7,0,94.38,15/02/2025
M04059,P0813,62,2,95.38,2025-01-15
M04060,P3684,24,0,81.38,15/02/2025
M04061,P2219,53,3,51.94,2025-01-15
M04062,P2082,123,6,117.13,2025/03/10
M04063,P1920,123,0,174.49,2025-01-15
M04064,P1728,123,3,68.43,15/02/2025
M04065,P3177,119,3,74.54,2025/03/10
M04066,P0011,123,3,161.21,2025-01-15
M04067,P2608,106,1,212.94,Apr 12 2025
M04068,P0604,10,2,142.75,Apr 12 2025
M04069,P2298,12,5,100.97,Apr 12 2025
M04070,P3334,147,1,57.6,15/02/2025
M04071,P1586,76,5,105.85,Apr 12 2025
M04072,P1052,109,3,100.75,2025-01-15
M04073,P1644,9,2,172.05,15/02/2025
M04074,P2496,5,3,183.39,2025/03/10
M04075,P3261,145,0,214.09,Apr 12 2025
M04076,P2643,3,1,100.72,2025/03/10
M04077,P3336,29,5,213.43,Apr 12 2025
M04078,P2797,13,0,143.89,2025/03/10
M04079,P2289,146,0,81.93,15/02/2025
M04080,P2374,100,3,212.26,Apr 12 2025
M04081,P1136,44,0,213.32,15/02/2025
M04082,P0275,63,5,203.23,15/02/2025
M04083,P3199,87,1,118.26,2025-01-15
M04084,P0576,44,0,121.99,2025-01-15
M04085,P2255,130,3,112.36,2025/03/10
M04086,P2107,2,1,197.02,15/02/2025
M04087,P0816,94,4,89.23,2025/03/10
M04088,P0787,21,0,119.4,Apr 12 2025
M04089,P0981,83,6,64.36,2025/03/10
M04090,P1385,64,3,147.56,2025/03/10
M04091,P0501,6,1,174.85,2025/03/10
M04092,P0193,22,1,204.85,15/02/2025
M04093,P0776,22,4,106.17,Apr 12 2025
M04094,P2320,148,0,208.39,2025/03/10
M04095,P3310,116,0,133.77,Apr 12 2025
M04096,P0334,124,5,54.56,2025-01-15
M04097,P1415,105,4,126.82,2025-01-15
M04098,P3659,146,2,62.53,2025/03/10
M04099,P3728,97,0,106.09,Apr 12 2025
M04100,P1038,138,6,89.42,2025/03/10
M04101,P0856,61,3,115.48,2025/03/10
M04102,P0473,142,3,179.87,Apr 12 2025
M04103,P1874,118,6,163.43,2025-01-15
M04104,P0039,99,2,88.15,2025/03/10
M04105,P3858,150,6,171.72,15/02/2025
M04106,P3452,20,5,179.63,15/02/2025
M04107,P0183,58,1,80.1,Apr 12 2025
M04108,P3066,115,2,205.11,Apr 12 2025
M04109,P3671,67,6,107.85,2025-01-15
M04110,P1238,138,2,202.47,2025-01-15
M04111,P2403,77,5,198.45,Apr 12 2025
M04112,P2972,55,6,69.9,2025-01-15
M04113,P1411,99,0,195.6,2025/03/10
M04114,P0665,123,0,127.35,2025/03/10
M04115,P3350,148,5,201.26,Apr 12 2025
M04116,P1694,30,0,68.28,Apr 12 2025
M04117,P2360,121,3,102.13,Apr 12 2025
M04118,P1483,74,5,176.34,Apr 12 2025
M04119,P1399,118,1,137.0,Apr 12 2025
M04120,P0622,42,3,166.13,15/02/2025
M04121,P1213,129,2,95.62,2025-01-15
M04122,P3106,52,4,51.77,2025/03/10
M04123,P2807,97,4,195.91,Apr 12 2025
M04124,P0047,111,3,173.01,15/02/2025
M04125,P3778,104,0,87.14,15/02/2025
M04126,P3816,104,6,143.14,2025-01-15
M04127,P2560,113,3,201.36,Apr 12 2025
M04128,P2442,95,3,56.95,15/02/2025
M04129,P2333,144,6,119.07,Apr 12 2025
M04130,P0913,127,3,150.17,Apr 12 2025
M04131,P0286,21,0,210.88,15/02/2025
M04132,P1465,31,1,144.16,Apr 12 2025
M04133,P0707,47,5,184.81,Apr 12 2025
M04134,P2211,42,2,84.29,15/02/2025
M04135,P0789,61,0,183.92,15/02/2025
M04136,P2527,150,1,92.88,Apr 12 2025
M04137,P0093,102,6,170.42,2025-01-15
M04138,P3419,96,4,217.43,2025/03/10
M04139,P2899,58,5,205.91,Apr 12 2025
M04140,P2507,88,5,72.19,2025/03/10
M04141,P1793,137,3,104.93,15/02/2025
M04142,P2453,78,0,73.21,2025/03/10
M04143,P0994,123,5,191.89,2025-01-15
M04144,P3218,97,6,209.83,2025/03/10
M04145,P2176,142,2,98.84,Apr 12 2025
M04146,P3195,87,1,68.13,2025-01-15
M04147,P1049,42,2,109.51,2025/03/10
M04148,P3705,36,4,186.37,2025/03/10
M04149,P1015,113,3,179.22,2025/03/10
M04150,P0541,93,2,186.12,Apr 12 2025
M04151,P2283,108,4,140.11,Apr 12 2025
M04152,P2230,101,0,165.39,2025-01-15
M04153,P0937,33,1,70.8,2025-01-15
M04154,P3757,123,0,203.33,2025-01-15
M04155,P2546,83,4,118.22,Apr 12 2025
M04156,P3779,53,4,181.87,15/02/2025
M04157,P2212,120,4,139.16,Apr 12 2025
M04158,P0654,132,3,84.51,2025-01-15
M04159,P1031,40,6,102.65,2025/03/10
M04160,P3266,104,1,147.97,2025-01-15
M04161,P1942,147,3,102.65,2025-01-15
M04162,P1750,2,1,83.1,15/02/2025
M04163,P2220,142,4,51.13,2025-01-15
M04164,P0080,82,0,169.27,15/02/2025
M04165,P2159,124,2,107.54,2025-01-15
M04166,P0615,5,1,165.79,2025-01-15
M04167,P0337,125,2,100.58,2025/03/10
M04168,P0274,101,2,140.07,15/02/2025
M04169,P2698,17,0,197.64,2025/03/10
M04170,P1663,106,1,198.66,2025/03/10
M04171,P2664,4,6,66.6,15/02/2025
M04172,P1662,146,3,92.99,15/02/2025
M04173,P3381,13,1,197.51,Apr 12 2025
M04174,P0227,123,4,204.45,2025/03/10
M04175,P1198,138,6,82.07,2025-01-15
M04176,P2347,95,4,211.9,15/02/2025
M04177,P3695,60,5,144.42,Apr 12 2025
M04178,P2191,2,3,58.33,2025-01-15
M04179,P3541,66,2,125.72,15/02/2025
M04180,P0939,34,3,132.52,2025/03/10
M04181,P3038,136,2,135.03,2025-01-15
M04182,P2544,117,0,66.26,2025-01-15
M04183,P2959,27,4,123.49,Apr 12 2025
M04184,P2742,33,0,154.96,2025/03/10
M04185,P0302,146,1,57.86,15/02/2025
M04186,P2252,90,1,90.51,15/02/2025
M04187,P2315,115,6,50.64,2025/03/10
M04188,P2357,50,6,131.02,2025/03/10
M04189,P2071,41,4,204.61,2025/03/10
M04190,P2194,95,2,187.79,2025-01-15
M04191,P1759,54,6,152.74,Apr 12 2025
M04192,P0342,72,4,78.03,2025-01-15
M04193,P3703,119,2,191.18,Apr 12 2025
M04194,P1240,28,6,213.74,15/02/2025
M04195,P1225,143,6,129.52,15/02/2025
M04196,P2388,105,1,115.53,2025/03/10
M04197,P2463,20,4,207.36,15/02/2025
M04198,P2839,17,1,101.06,Apr 12 2025
M04199,P2981,115,1,179.15,Apr 12 2025
M04200,P2902,118,3,79.21,2025/03/10
M04201,P1217,48,5,101.97,2025/03/10
M04202,P3523,77,4,202.45,Apr 12 2025
M04203,P0675,96,2,131.01,2025/03/10
M04204,P3703,103,6,170.87,2025/03/10
M04205,P0913,132,6,164.98,2025-01-15
M04206,P3420,40,4,205.68,2025-01-15
M04207,P3125,57,2,207.78,2025-01-15
M04208,P2625,75,1,99.81,Apr 12 2025
M04209,P0208,7,5,58.47,2025/03/10
M04210,P0039,16,3,168.83,Apr 12 2025
M04211,P0935,122,3,71.67,15/02/2025
M04212,P1661,97,5,182.46,15/02/2025
M04213,P0516,93,2,150.96,2025-01-15
M04214,P0905,105,6,151.93,2025-01-15
M04215,P2439,21,5,212.77,2025-01-15
M04216,P3738,25,5,106.45,Apr 12 2025
M04217,P0991,27,5,69.32,Apr 12 2025
M04218,P0756,46,3,102.83,2025-01-15
M04219,P1060,125,6,105.8,2025-01-15
M04220,P3600,2,5,61.18,2025/03/10
M04221,P0516,57,1,216.41,2025/03/10
M04222,P1837,78,1,76.85,15/02/2025
M04223,P3417,82,4,120.93,Apr 12 2025
M04224,P3734,123,6,131.03,2025-01-15
M04225,P1446,63,6,151.17,15/02/2025
M04226,P0681,110,6,205.17,2025/03/10
M04227,P1905,60,3,105.16,2025-01-15
M04228,P2948,51,1,152.87,2025-01-15
M04229,P2354,9,5,215.14,2025-01-15
M04230,P1771,76,6,127.06,2025-01-15
M04231,P3542,79,2,74.76,Apr 12 2025
M04232,P1022,83,2,94.17,2025-01-15
M04233,P2927,72,1,159.02,2025-01-15
M04234,P1641,126,4,74.41,2025-01-15
M04235,P3010,110,3,211.56,2025/03/10
M04236,P3876,146,1,155.74,2025/03/10
M04237,P0947,147,3,149.87,2025/03/10
M04238,P1309,54,5,182.24,15/02/2025
M04239,P3241,88,1,137.28,15/02/2025
M04240,P1370,116,1,92.18,2025-01-15
M04241,P3654,56,1,53.35,Apr 12 2025
M04242,P0953,70,2,92.25,15/02/2025
M04243,P0207,46,1,121.93,2025-01-15
M04244,P3462,45,1,99.83,Apr 12 2025
M04245,P3824,64,0,157.7,2025/03/10
M04246,P0782,117,1,59.34,15/02/2025
M04247,P1421,11,2,205.7,Apr 12 2025
M04248,P0198,32,1,189.65,2025/03/10
M04249,P0393,7,3,170.48,2025/03/10
M04250,P3880,91,2,140.83,Apr 12 2025
M04251,P0222,150,2,157.79,2025-01-15
M04252,P1120,38,1,202.21,2025/03/10
M04253,P3877,87,3,101.94,2025-01-15
M04254,P2432,40,2,188.21,2025-01-15
M04255,P0540,82,1,136.82,2025-01-15
M04256,P3856,124,6,137.87,2025-01-15
M04257,P3459,63,6,216.13,2025/03/10
M04258,P3701,5,2,171.63,15/02/2025
M04259,P2987,79,4,213.37,2025-01-15
M04260,P2526,120,0,106.64,Apr 12 2025
M04261,P3516,80,2,134.35,2025-01-15
M04262,P3663,100,3,185.58,15/02/2025
M04263,P2110,33,2,119.63,2025-01-15
M04264,P3441,110,0,176.65,15/02/2025
M04265,P3463,19,5,163.83,2025/03/10
M04266,P3653,110,1,103.71,2025-01-15
M04267,P3580,0,3,124.09,2025-01-15
M04268,P1281,10,2,76.15,2025/03/10
M04269,P2487,143,5,115.52,2025/03/10
M04270,P2735,107,4,125.72,2025-01-15
M04271,P1254,48,5,86.68,Apr 12 2025
M04272,P0099,129,0,176.68,2025-01-15
M04273,P0448,11,0,205.8,Apr 12 2025
M04274,P3002,24,6,58.51,15/02/2025
M04275,P2458,38,3,191.28,2025-01-15
M04276,P2204,53,0,97.78,Apr 12 2025
M04277,P2689,29,3,209.51,2025-01-15
M04278,P1670,130,3,170.31,2025/03/10
M04279,P0363,135,6,166.46,Apr 12 2025
M04280,P3814,11,2,156.71,Apr 12 2025
M04281,P1369,102,6,144.66,15/02/2025
M04282,P1558,122,1,139.08,2025-01-15
M04283,P1963,39,5,133.01,2025-01-15
M04284,P2966,141,0,164.45,2025/03/10
M04285,P1833,39,5,82.84,15/02/2025
M04286,P1441,107,2,53.02,15/02/2025
M04287,P2979,7,4,87.73,Apr 12 2025
M04288,P2473,113,4,179.24,2025/03/10
M04289,P0423,65,2,216.08,15/02/2025
M04290,P1687,118,0,94.24,Apr 12 2025
M04291,P1080,144,0,210.45,Apr 12 2025
M04292,P2158,131,5,121.04,2025/03/10
M04293,P0281,143,2,179.69,2025-01-15
M04294,P0345,108,2,110.23,2025-01-15
M04295,P1439,93,6,118.37,2025/03/10
M04296,P1020,22,4,58.3,Apr 12 2025
M04297,P0859,150,1,52.76,2025-01-15
M04298,P0552,89,4,191.93,2025/03/10
M04299,P1756,84,6,184.47,15/02/2025
M04300,P3157,120,5,131.06,15/02/2025
M04301,P0076,51,0,114.35,Apr 12 2025
M04302,P0444,41,6,120.67,2025/03/10
M04303,P1160,140,3,164.46,2025-01-15
M04304,P3491,26,1,94.65,2025-01-15
M04305,P0568,95,6,99.31,2025/03/10
M04306,P0098,14,2,100.28,2025-01-15
M04307,P2078,9,5,145.81,15/02/2025
M04308,P2327,126,3,157.29,15/02/2025
M04309,P2132,130,3,72.97,Apr 12 2025
M04310,P0399,100,1,52.24,2025/03/10
M04311,P1019,134,1,181.32,2025-01-15
M04312,P0113,7,4,63.51,15/02/2025
M04313,P1282,40,4,102.23,15/02/2025
M04314,P0073,125,5,215.52,2025/03/10
M04315,P0436,112,4,146.29,Apr 12 2025
M04316,P1287,69,3,178.28,15/02/2025
M04317,P2098,127,5,83.09,2025-01-15
M04318,P2138,96,1,74.7,15/02/2025
M04319,P1853,83,5,118.72,2025-01-15
M04320,P0680,32,1,56.35,15/02/2025
M04321,P3673,73,0,113.29,Apr 12 2025
M04322,P1850,26,1,111.1,2025/03/10
M04323,P2125,144,5,57.39,2025/03/10
M04324,P0419,132,6,156.94,2025-01-15
M04325,P1380,17,3,118.43,2025-01-15
M04326,P2907,138,6,69.51,15/02/2025
M04327,P0891,148,1,132.93,2025/03/10
M04328,P3160,70,3,157.93,2025-01-15
M04329,P2391,142,3,185.94,Apr 12 2025
M04330,P0340,83,1,130.52,2025/03/10
M04331,P3397,141,6,188.04,2025/03/10
M04332,P1241,77,1,52.52,15/02/2025
M04333,P3274,66,5,144.4,2025/03/10
M04334,P2199,139,6,116.79,2025-01-15
M04335,P1001,118,1,128.54,2025/03/10
M04336,P1504,10,1,210.31,2025-01-15
M04337,P3742,136,0,168.23,Apr 12 2025
M04338,P2782,97,5,149.82,2025-01-15
M04339,P3769,67,6,70.66,15/02/2025
M04340,P2743,146,3,51.09,2025-01-15
M04341,P0101,67,3,208.22,2025-01-15
M04342,P3578,128,4,191.66,2025-01-15
M04343,P3404,26,6,148.63,15/02/2025
M04344,P3005,80,6,211.16,15/02/2025
M04345,P3639,77,5,132.65,15/02/2025
M04346,P1186,16,0,87.48,2025-01-15
M04347,P1151,23,1,178.46,2025-01-15
M04348,P0455,143,5,67.61,2025-01-15
M04349,P3887,87,0,168.56,15/02/2025
M04350,P0642,80,5,69.69,2025-01-15
M04351,P1269,79,3,56.55,2025/03/10
M04352,P1697,0,4,176.62,2025-01-15
M04353,P3305,98,3,67.01,Apr 12 2025
M04354,P2157,54,0,53.7,2025-01-15
M04355,P1076,90,6,204.77,2025/03/10
M04356,P1290,121,1,210.88,15/02/2025
M04357,P1875,83,5,216.04,2025/03/10
M04358,P3239,13,3,173.36,2025-01-15
M04359,P0912,54,6,218.83,Apr 12 2025
M04360,P1088,66,4,156.66,Apr 12 2025
M04361,P0016,58,1,153.44,15/02/2025
M04362,P1611,73,0,81.59,Apr 12 2025
M04363,P1231,18,0,191.69,2025-01-15
M04364,P0919,42,3,179.04,Apr 12 2025
M04365,P1437,59,0,169.48,2025-01-15
M04366,P1425,125,3,91.04,2025-01-15
M04367,P0333,6,4,152.44,2025/03/10
M04368,P1210,104,6,66.09,2025/03/10
M04369,P0926,101,0,116.04,2025/03/10
M04370,P0088,15,2,124.94,Apr 12 2025
M04371,P1901,76,4,114.36,2025/03/10
M04372,P2084,64,4,61.79,2025-01-15
M04373,P3679,63,3,187.38,2025-01-15
M04374,P0220,116,6,129.65,2025-01-15
M04375,P1821,124,6,196.48,Apr 12 2025
M04376,P1283,146,2,151.24,15/02/2025
M04377,P3342,9,3,139.73,2025-01-15
M04378,P3816,18,3,68.12,Apr 12 2025
M04379,P3409,13,0,97.27,2025-01-15
M04380,P0698,23,2,98.72,2025-01-15
M04381,P3870,91,2,194.37,Apr 12 2025
M04382,P1834,71,1,89.5,2025/03/10
M04383,P2719,144,5,119.22,2025/03/10
M04384,P1533,41,1,146.48,2025-01-15
M04385,P1967,6,6,85.89,15/02/2025
M04386,P1476,62,0,198.99,2025-01-15
M04387,P1275,149,4,80.62,Apr 12 2025
M04388,P1426,54,5,115.61,2025-01-15
M04389,P3030,122,5,191.35,15/02/2025
M04390,P0426,116,1,213.46,2025/03/10
M04391,P3127,109,5,205.22,2025/03/10
M04392,P2075,126,5,172.87,15/02/2025
M04393,P3248,143,6,109.33,Apr 12 2025
M04394,P3514,84,5,91.41,15/02/2025
M04395,P3547,122,5,188.05,Apr 12 2025
M04396,P2719,23,2,169.22,15/02/2025
M04397,P1121,147,1,184.48,Apr 12 2025
M04398,P3758,99,3,209.33,Apr 12 2025
M04399,P0025,93,2,145.07,2025-01-15
M04400,P1957,58,6,104.3,15/02/2025
M04401,P0486,31,3,73.16,2025-01-15
M04402,P1611,150,4,154.1,2025/03/10
M04403,P3073,67,3,101.38,15/02/2025
M04404,P3358,136,5,151.31,2025-01-15
M04405,P0417,75,5,216.12,2025/03/10
M04406,P1478,124,0,193.98,15/02/2025
M04407,P2455,60,2,162.44,Apr 12 2025
M04408,P2850,25,5,141.97,Apr 12 2025
M04409,P1629,149,1,111.56,15/02/2025
M04410,P2476,14,2,54.06,15/02/2025
M04411,P1596,13,0,58.14,2025-01-15
M04412,P3211,28,5,181.02,2025-01-15
M04413,P0341,83,3,62.55,2025-01-15
M04414,P3466,149,3,82.73,2025/03/10
M04415,P3227,64,6,176.99,2025-01-15
M04416,P0571,22,6,89.27,2025-01-15
M04417,P2755,142,4,73.79,15/02/2025
M04418,P2175,77,5,215.16,2025-01-15
M04419,P3131,143,6,118.83,15/02/2025
M04420,P0806,55,0,60.43,2025/03/10
M04421,P2168,31,3,164.97,Apr 12 2025
M04422,P3886,62,5,218.62,2025/03/10
M04423,P1299,107,0,153.0,15/02/2025
M04424,P0295,135,4,73.16,15/02/2025
M04425,P0086,105,1,177.61,Apr 12 2025
M04426,P3367,73,0,131.72,2025-01-15
M04427,P2614,57,6,54.94,15/02/2025
M04428,P1694,67,6,69.78,Apr 12 2025
M04429,P2489,61,3,136.15,2025/03/10
M04430,P3740,16,3,194.09,Apr 12 2025
M04431,P1122,3,6,91.45,15/02/2025
M04432,P3202,147,5,61.51,15/02/2025
M04433,P2698,45,2,73.79,15/02/2025
M04434,P3628,102,6,127.22,2025-01-15
M04435,P0717,97,4,90.87,2025/03/10
M04436,P2479,145,2,193.76,15/02/2025
M04437,P3836,47,2,81.45,Apr 12 2025
M04438,P3120,65,2,101.22,2025/03/10
M04439,P3114,63,6,206.71,Apr 12 2025
M04440,P3141,138,3,136.24,2025-01-15
M04441,P0305,79,6,215.09,15/02/2025
M04442,P0190,109,2,54.13,2025-01-15
M04443,P1313,143,3,131.41,2025/03/10
M04444,P1300,89,4,164.72,2025-01-15
M04445,P3158,99,5,201.09,Apr 12 2025
M04446,P2174,122,4,58.86,2025/03/10
M04447,P2364,25,5,75.83,2025/03/10
M04448,P1599,60,3,78.61,Apr 12 2025
M04449,P0732,101,3,173.22,15/02/2025
M04450,P0598,48,2,136.48,2025-01-15
M04451,P2193,1,1,155.82,2025/03/10
M04452,P2695,150,4,211.74,Apr 12 2025
M04453,P3153,58,5,127.41,15/02/2025
M04454,P2465,91,3,194.96,2025/03/10
M04455,P3128,88,0,145.94,15/02/2025
M04456,P1044,115,2,165.97,2025-01-15
M04457,P0264,122,5,86.82,Apr 12 2025
M04458,P3779,116,0,87.13,Apr 12 2025
M04459,P0608,90,3,212.83,Apr 12 2025
M04460,P3535,110,0,67.58,2025/03/10
M04461,P3884,142,2,174.15,15/02/2025
M04462,P0841,53,0,185.4,2025-01-15
M04463,P1481,101,1,55.45,15/02/2025
M04464,P2368,42,5,92.97,15/02/2025
M04465,P2095,119,1,213.46,15/02/2025
M04466,P3275,28,0,200.96,15/02/2025
M04467,P0341,43,5,125.03,Apr 12 2025
M04468,P1447,74,4,109.32,15/02/2025
M04469,P0011,120,1,51.12,Apr 12 2025
M04470,P3461,5,4,100.14,Apr 12 2025
M04471,P1038,17,3,165.92,15/02/2025
M04472,P2008,110,6,200.96,Apr 12 2025
M04473,P1337,16,1,156.2,2025/03/10
M04474,P1448,84,0,166.35,2025-01-15
M04475,P0076,93,0,55.5,2025-01-15
M04476,P2534,77,5,141.42,2025/03/10
M04477,P2909,32,1,122.98,15/02/2025
M04478,P0852,12,0,85.67,2025-01-15
M04479,P1851,34,1,90.91,2025-01-15
M04480,P0629,135,1,50.48,15/02/2025
M04481,P2743,69,5,74.2,2025/03/10
M04482,P0809,116,2,187.17,2025-01-15
M04483,P1781,146,1,194.4,2025-01-15
M04484,P3541,28,6,120.64,Apr 12 2025
M04485,P0906,31,3,192.84,Apr 12 2025
M04486,P2508,98,6,144.89,2025/03/10
M04487,P0038,63,1,195.88,2025/03/10
M04488,P1532,71,2,60.93,2025-01-15
M04489,P1596,25,3,116.46,Apr 12 2025
M04490,P0018,7,5,142.92,2025/03/10
M04491,P3231,84,4,54.67,2025/03/10
M04492,P2986,24,3,119.23,15/02/2025
M04493,P2377,105,6,167.86,2025-01-15
M04494,P2402,33,2,66.3,2025/03/10
M04495,P0025,81,6,53.09,Apr 12 2025
M04496,P2521,146,5,120.67,15/02/2025
M04497,P0501,84,6,77.61,2025/03/10
M04498,P1526,40,5,91.57,15/02/2025
M04499,P0546,141,0,105.14,15/02/2025
M04500,P1868,113,5,101.71,2025/03/10
M04501,P3774,69,5,59.74,2025/03/10
M04502,P2036,103,1,209.53,15/02/2025
M04503,P2441,93,0,181.17,2025-01-15
M04504,P0475,84,6,77.06,2025/03/10
M04505,P1309,129,5,124.02,15/02/2025
M04506,P1897,114,5,142.36,15/02/2025
M04507,P1647,10,1,64.02,Apr 12 2025
M04508,P1132,136,4,53.18,15/02/2025
M04509,P0082,65,2,186.4,2025-01-15
M04510,P2895,120,0,192.25,Apr 12 2025
M04511,P0277,79,6,203.19,15/02/2025
M04512,P2496,56,2,212.74,2025/03/10
M04513,P2835,75,5,174.24,15/02/2025
M04514,P0186,83,5,184.89,Apr 12 2025
M04515,P1815,82,3,134.31,2025-01-15
M04516,P0439,48,6,126.37,15/02/2025
M04517,P0076,78,6,106.33,Apr 12 2025
M04518,P0585,113,6,92.52,2025-01-15
M04519,P0360,99,0,143.41,2025/03/10
M04520,P2174,146,3,204.97,2025-01-15
M04521,P3269,27,2,162.08,15/02/2025
M04522,P0744,29,6,84.87,Apr 12 2025
M04523,P2906,133,4,182.06,2025-01-15
M04524,P0032,131,1,96.29,Apr 12 2025
M04525,P2789,18,1,164.18,15/02/2025
M04526,P0029,126,2,116.37,2025-01-15
M04527,P3033,29,5,91.89,Apr 12 2025
M04528,P2365,32,3,67.87,2025/03/10
M04529,P2851,100,0,205.1,15/02/2025
M04530,P0866,133,5,132.58,2025/03/10
M04531,P3615,37,4,112.13,Apr 12 2025
M04532,P2100,26,4,181.4,2025/03/10
M04533,P3179,60,4,129.46,15/02/2025
M04534,P0210,145,0,159.66,Apr 12 2025
M04535,P0972,127,4,98.38,2025/03/10
M04536,P3203,70,2,128.63,2025/03/10
M04537,P3562,79,2,68.75,2025-01-15
M04538,P1851,103,4,203.96,15/02/2025
M04539,P3047,109,1,115.55,2025/03/10
M04540,P1167,59,2,180.66,2025/03/10
M04541,P2327,27,5,116.47,2025/03/10
M04542,P1022,87,4,160.88,15/02/2025
M04543,P3773,132,2,212.32,2025-01-15
M04544,P1893,146,3,111.86,2025/03/10
M04545,P1846,129,6,87.9,Apr 12 2025
M04546,P1352,106,5,217.66,2025-01-15
M04547,P1550,122,4,102.6,15/02/2025
M04548,P1256,9,3,192.97,15/02/2025
M04549,P0233,113,5,163.89,Apr 12 2025
M04550,P1908,99,0,199.63,15/02/2025
M04551,P1296,6,5,156.49,Apr 12 2025
M04552,P2081,136,1,115.94,15/02/2025
M04553,P0609,48,1,171.63,2025/03/10
M04554,P1158,3,1,203.71,Apr 12 2025
M04555,P2383,150,4,107.81,2025/03/10
M04556,P2794,11,5,81.84,2025-01-15
M04557,P3134,35,6,166.17,Apr 12 2025
M04558,P1291,50,1,127.96,2025/03/10
M04559,P2845,84,6,70.21,Apr 12 2025
M04560,P0639,67,4,167.3,15/02/2025
M04561,P0573,32,1,95.53,Apr 12 2025
M04562,P0307,74,3,184.68,2025/03/10
M04563,P3630,8,4,91.31,2025/03/10
M04564,P1286,94,2,168.13,2025-01-15
M04565,P3741,38,0,56.96,2025-01-15
M04566,P1927,64,0,83.08,2025/03/10
M04567,P1088,92,4,96.6,Apr 12 2025
M04568,P3274,100,0,180.22,2025-01-15
M04569,P2257,144,1,207.62,2025-01-15
M04570,P2601,37,3,165.09,2025-01-15
M04571,P3452,107,2,55.04,Apr 12 2025
M04572,P0424,39,1,197.78,15/02/2025
M04573,P2688,6,2,115.65,2025/03/10
M04574,P1718,142,5,109.96,2025-01-15
M04575,P3838,65,2,112.85,2025/03/10
M04576,P2379,85,0,71.43,Apr 12 2025
M04577,P0870,85,3,51.12,Apr 12 2025
M04578,P1996,137,4,186.34,2025/03/10
M04579,P3781,55,1,159.85,Apr 12 2025
M04580,P1680,49,4,172.94,2025-01-15
M04581,P1077,105,0,54.97,15/02/2025
M04582,P2844,62,3,146.15,15/02/2025
M04583,P3884,108,4,52.95,15/02/2025
M04584,P0614,15,4,125.5,2025/03/10
M04585,P2772,5,3,67.71,2025-01-15
M04586,P1769,118,0,206.01,2025-01-15
M04587,P1396,27,1,56.57,15/02/2025
M04588,P2393,53,2,102.59,2025-01-15
M04589,P1873,111,4,130.86,15/02/2025
M04590,P3738,29,3,80.99,2025-01-15
M04591,P2258,49,5,90.4,15/02/2025
M04592,P2410,18,5,151.37,Apr 12 2025
M04593,P3208,37,0,50.42,2025/03/10
M04594,P0919,6,3,64.46,15/02/2025
M04595,P3767,106,0,197.2,15/02/2025
M04596,P3623,37,4,89.64,Apr 12 2025
M04597,P1821,71,1,127.19,2025-01-15
M04598,P1293,73,4,145.14,Apr 12 2025
M04599,P3012,138,4,201.15,15/02/2025
M04600,P3649,140,1,60.56,15/02/2025
M04601,P0618,40,5,162.24,2025-01-15
M04602,P0325,42,3,215.93,2025-01-15
M04603,P3693,74,2,120.71,Apr 12 2025
M04604,P1498,128,4,105.09,2025/03/10
M04605,P2012,104,0,193.59,Apr 12 2025
M04606,P3353,4,5,122.52,2025/03/10
M04607,P1803,39,5,156.7,2025/03/10
M04608,P0725,92,3,86.98,Apr 12 2025
M04609,P2847,64,3,134.12,2025/03/10
M04610,P0058,113,0,187.78,2025/03/10
M04611,P1707,81,3,129.58,2025-01-15
M04612,P1778,22,1,203.83,Apr 12 2025
M04613,P3774,39,4,102.07,Apr 12 2025
M04614,P2140,15,6,151.79,15/02/2025
M04615,P3661,102,5,172.32,Apr 12 2025
M04616,P1054,30,3,54.56,2025/03/10
M04617,P0803,126,0,159.73,Apr 12 2025
M04618,P0137,85,3,173.87,Apr 12 2025
M04619,P2224,131,0,185.13,2025-01-15
M04620,P2827,102,3,101.95,Apr 12 2025
M04621,P3564,147,6,112.51,2025-01-15
M04622,P0592,119,4,139.03,2025-01-15
M04623,P3605,44,6,179.5,2025/03/10
M04624,P0547,142,5,111.36,2025/03/10
M04625,P2754,69,0,192.54,2025-01-15
M04626,P0348,147,4,64.55,2025/03/10
M04627,P2279,5,4,124.8,2025-01-15
M04628,P1931,0,5,137.45,Apr 12 2025
M04629,P1991,26,2,78.99,Apr 12 2025
M04630,P1915,26,5,211.34,Apr 12 2025
M04631,P3388,73,0,98.45,15/02/2025
M04632,P1740,140,4,113.41,Apr 12 2025
M04633,P2446,97,3,168.9,2025/03/10
M04634,P1689,21,5,59.13,2025-01-15
M04635,P0376,8,6,147.01,2025-01-15
M04636,P0210,120,0,188.59,Apr 12 2025
M04637,P2275,92,0,173.51,2025-01-15
M04638,P1525,12,1,109.16,2025/03/10
M04639,P2316,121,1,166.63,15/02/2025
M04640,P2881,44,0,63.92,15/02/2025
M04641,P2540,120,2,203.76,Apr 12 2025
M04642,P1102,117,5,167.78,2025/03/10
M04643,P2622,58,6,151.85,2025/03/10
M04644,P2438,115,5,102.57,15/02/2025
M04645,P1420,38,3,162.73,2025/03/10
M04646,P2741,42,0,97.82,Apr 12 2025
M04647,P1165,28,2,182.36,15/02/2025
M04648,P1806,74,0,210.0,2025/03/10
M04649,P0381,48,1,127.96,15/02/2025
M04650,P3557,113,6,122.04,Apr 12 2025
M04651,P3038,146,6,183.17,Apr 12 2025
M04652,P1554,136,0,176.4,Apr 12 2025
M04653,P3143,1,6,140.13,2025/03/10
M04654,P2034,22,6,185.27,2025/03/10
M04655,P2453,11,6,111.74,2025/03/10
M04656,P2521,100,4,136.55,2025/03/10
M04657,P1118,150,4,55.93,2025-01-15
M04658,P0867,86,4,118.13,2025/03/10
M04659,P3009,11,5,110.43,2025/03/10
M04660,P1088,84,0,146.04,Apr 12 2025
M04661,P0857,46,2,113.56,15/02/2025
M04662,P1300,37,3,175.23,2025-01-15
M04663,P0399,29,0,167.55,2025-01-15
M04664,P3732,132,2,186.12,2025-01-15
M04665,P2189,64,3,165.16,2025/03/10
M04666,P2444,56,6,78.21,15/02/2025
M04667,P1463,147,3,70.02,15/02/2025
M04668,P0215,116,5,168.06,2025/03/10
M04669,P2840,136,0,199.19,2025-01-15
M04670,P3624,39,1,161.63,Apr 12 2025
M04671,P1085,39,2,154.75,Apr 12 2025
M04672,P2715,34,0,106.94,2025/03/10
M04673,P1215,139,6,77.87,Apr 12 2025
M04674,P3775,140,6,67.34,15/02/2025
M04675,P0264,72,3,215.2,2025/03/10
M04676,P2494,138,2,125.97,Apr 12 2025
M04677,P0021,75,1,149.26,Apr 12 2025
M04678,P0425,123,5,143.1,2025/03/10
M04679,P2795,121,6,199.53,2025-01-15
M04680,P1075,110,0,127.86,Apr 12 2025
M04681,P1377,137,0,187.47,2025/03/10
M04682,P3280,36,4,191.47,15/02/2025
M04683,P1736,114,6,210.27,Apr 12 2025
M04684,P2539,128,4,160.34,Apr 12 2025
M04685,P2416,138,4,128.37,Apr 12 2025
M04686,P1355,75,2,106.0,2025/03/10
M04687,P3619,115,6,100.13,2025-01-15
M04688,P0966,71,0,69.64,15/02/2025
M04689,P2958,148,5,217.23,Apr 12 2025
M04690,P3648,0,5,105.81,Apr 12 2025
M04691,P0746,116,2,162.79,2025-01-15
M04692,P2861,148,1,92.7,15/02/2025
M04693,P2114,6,0,76.04,2025/03/10
M04694,P3447,135,2,183.9,Apr 12 2025
M04695,P2475,62,3,172.19,2025/03/10
M04696,P1668,30,0,216.8,Apr 12 2025
M04697,P2271,102,1,169.89,15/02/2025
M04698,P3555,15,6,129.11,Apr 12 2025
M04699,P1374,64,4,55.14,2025/03/10
M04700,P0951,26,3,55.97,15/02/2025
M04701,P1842,76,1,92.17,15/02/2025
M04702,P3429,112,5,79.96,Apr 12 2025
M04703,P0277,137,3,158.08,15/02/2025
M04704,P1165,76,3,198.27,2025/03/10
M04705,P1714,48,6,60.65,2025-01-15
M04706,P0533,19,1,142.41,2025-01-15
M04707,P2014,139,6,81.62,Apr 12 2025
M04708,P2211,12,3,120.75,2025/03/10
M04709,P2855,76,2,155.84,2025/03/10
M04710,P2104,102,3,89.38,Apr 12 2025
M04711,P1336,75,0,138.89,2025-01-15
M04712,P0677,141,5,138.78,2025/03/10
M04713,P0572,19,1,205.53,Apr 12 2025
M04714,P1773,149,0,204.93,2025/03/10
M04715,P3417,69,3,150.19,2025/03/10
M04716,P0720,137,4,201.4,2025/03/10
M04717,P1840,9,2,76.2,15/02/2025
M04718,P0325,56,6,164.67,Apr 12 2025
M04719,P0374,42,1,176.78,2025-01-15
M04720,P0852,110,3,138.9,2025/03/10
M04721,P0520,113,6,177.33,Apr 12 2025
M04722,P0558,109,4,169.41,2025/03/10
M04723,P0763,120,1,139.96,Apr 12 2025
M04724,P0120,62,1,51.07,Apr 12 2025
M04725,P1839,143,1,191.3,Apr 12 2025
M04726,P0328,1,3,80.94,15/02/2025
M04727,P3375,56,2,158.41,2025/03/10
M04728,P3332,94,3,91.26,Apr 12 2025
M04729,P0711,49,5,71.94,Apr 12 2025
M04730,P2047,9,0,93.3,15/02/2025
M04731,P1392,135,2,169.97,Apr 12 2025
M04732,P0895,15,1,181.91,15/02/2025
M04733,P3054,32,1,143.63,Apr 12 2025
M04734,P3780,5,2,170.56,2025/03/10
M04735,P0172,39,2,108.17,2025/03/10
M04736,P3721,105,4,152.62,15/02/2025
M04737,P2371,115,3,160.37,2025/03/10
M04738,P0428,26,3,131.03,2025-01-15
M04739,P1474,149,3,158.4,2025/03/10
M04740,P1638,117,1,139.7,2025/03/10
M04741,P1557,2,2,213.86,2025/03/10
M04742,P2110,67,5,164.09,Apr 12 2025
M04743,P3057,58,1,81.86,15/02/2025
M04744,P2555,18,5,77.72,2025/03/10
M04745,P1443,136,3,206.06,Apr 12 2025
M04746,P0119,2,5,194.33,15/02/2025
M04747,P0980,67,2,149.06,2025/03/10
M04748,P0654,107,2,55.4,Apr 12 2025
M04749,P0099,142,4,104.92,2025-01-15
M04750,P0349,32,5,58.02,15/02/2025
M04751,P2359,130,0,167.95,15/02/2025
M04752,P2955,129,3,65.49,Apr 12 2025
M04753,P0589,139,1,92.12,Apr 12 2025
M04754,P2252,13,2,201.49,2025-01-15
M04755,P0157,138,5,52.87,2025-01-15
M04756,P1500,55,1,127.7,15/02/2025
M04757,P1336,103,3,53.6,Apr 12 2025
M04758,P2012,42,4,180.38,2025-01-15
M04759,P1306,97,2,153.39,2025/03/10
M04760,P1896,148,5,202.66,2025/03/10
M04761,P2027,87,4,108.35,2025/03/10
M04762,P1507,6,2,105.12,15/02/2025
M04763,P2820,99,1,145.73,2025-01-15
M04764,P1815,29,2,137.37,2025/03/10
M04765,P3677,19,4,88.12,2025/03/10
M04766,P3859,41,5,103.2,2025/03/10
M04767,P0588,15,3,202.02,15/02/2025
M04768,P3174,19,3,160.52,2025-01-15
M04769,P3579,17,4,156.96,15/02/2025
M04770,P0380,76,6,204.31,Apr 12 2025
M04771,P1210,75,2,75.32,15/02/2025
M04772,P0166,34,3,157.21,2025/03/10
M04773,P1898,51,0,137.19,15/02/2025
M04774,P1230,14,1,189.83,2025/03/10
M04775,P2799,61,1,172.99,2025-01-15
M04776,P3219,43,5,218.64,2025/03/10
M04777,P0040,44,4,84.05,Apr 12 2025
M04778,P0957,74,5,192.03,2025-01-15
M04779,P2359,64,0,79.92,2025-01-15
M04780,P3370,141,0,111.49,15/02/2025
M04781,P1449,122,4,103.89,2025-01-15
M04782,P2898,6,2,207.26,Apr 12 2025
M04783,P2490,64,0,73.17,15/02/2025
M04784,P3704,39,2,101.42,2025-01-15
M04785,P0354,141,4,64.78,2025-01-15
M04786,P0836,77,5,213.75,15/02/2025
M04787,P1074,128,5,112.37,2025-01-15
M04788,P0828,54,4,180.41,Apr 12 2025
M04789,P2835,45,3,122.68,Apr 12 2025
M04790,P0358,47,3,90.67,15/02/2025
M04791,P0476,29,1,54.41,15/02/2025
M04792,P2537,22,5,170.32,2025-01-15
M04793,P0917,10,0,99.3,2025/03/10
M04794,P2296,8,1,155.07,2025-01-15
M04795,P2278,139,5,139.81,2025-01-15
M04796,P2370,97,5,120.07,2025/03/10
M04797,P0647,48,0,190.17,2025-01-15
M04798,P2770,147,6,150.32,15/02/2025
M04799,P0288,55,1,104.56,15/02/2025
M04800,P0386,113,1,89.7,Apr 12 2025
M04801,P3609,102,3,59.15,2025/03/10
M04802,P3792,17,3,64.46,15/02/2025
M04803,P2830,140,4,65.68,2025-01-15
M04804,P3637,129,6,179.66,2025/03/10
M04805,P0147,82,6,197.36,2025-01-15
M04806,P0980,52,6,77.01,15/02/2025
M04807,P1116,67,4,112.54,2025-01-15
M04808,P2020,19,2,202.04,Apr 12 2025
M04809,P3154,100,2,59.87,Apr 12 2025
M04810,P1859,88,6,169.57,2025/03/10
M04811,P2898,117,1,88.44,Apr 12 2025
M04812,P3097,53,0,117.04,15/02/2025
M04813,P2713,127,5,135.65,2025-01-15
M04814,P0381,14,2,180.99,Apr 12 2025
M04815,P3469,7,1,179.15,Apr 12 2025
M04816,P3522,52,0,122.17,Apr 12 2025
M04817,P0094,3,2,150.95,2025/03/10
M04818,P1650,101,3,166.69,15/02/2025
M04819,P3528,35,6,92.13,Apr 12 2025
M04820,P0243,7,3,68.38,2025/03/10
M04821,P2142,2,6,54.49,Apr 12 2025
M04822,P3550,16,2,161.51,Apr 12 2025
M04823,P0811,63,1,86.75,15/02/2025
M04824,P3459,7,6,177.95,2025/03/10
M04825,P3644,136,6,133.46,2025/03/10
M04826,P3612,138,5,139.44,15/02/2025
M04827,P2553,43,1,129.58,2025-01-15
M04828,P3444,147,3,81.71,2025/03/10
M04829,P3742,138,6,167.72,2025/03/10
M04830,P2255,86,5,96.64,2025/03/10
M04831,P3565,28,1,155.44,2025-01-15
M04832,P3663,147,3,182.89,15/02/2025
M04833,P3766,79,4,196.53,15/02/2025
M04834,P1755,126,4,145.33,15/02/2025
M04835,P2244,125,1,117.38,15/02/2025
M04836,P0596,61,4,52.89,2025/03/10
M04837,P2847,60,3,93.41,2025/03/10
M04838,P2126,79,3,121.59,2025/03/10
M04839,P2119,110,5,131.53,2025/03/10
M04840,P0403,100,1,133.49,2025-01-15
M04841,P0534,9,3,88.76,Apr 12 2025
M04842,P1364,88,1,147.76,Apr 12 2025
M04843,P1637,9,0,94.23,2025/03/10
M04844,P0020,131,0,68.85,2025/03/10
M04845,P1037,20,2,124.7,2025-01-15
M04846,P2895,79,5,86.41,Apr 12 2025
M04847,P3653,17,0,120.39,Apr 12 2025
M04848,P0485,26,2,115.74,2025-01-15
M04849,P3522,50,3,62.94,15/02/2025
M04850,P1638,5,6,106.58,2025/03/10
M04851,P2906,69,3,215.13,2025/03/10
M04852,P0719,101,4,214.86,Apr 12 2025
M04853,P2075,65,6,210.32,15/02/2025
M04854,P2048,115,0,218.07,2025-01-15
M04855,P0813,74,6,165.03,2025/03/10
M04856,P1151,86,6,146.32,Apr 12 2025
M04857,P3228,108,0,51.51,2025-01-15
M04858,P3487,22,0,152.17,Apr 12 2025
M04859,P2636,35,1,134.41,15/02/2025
M04860,P0904,133,3,185.98,Apr 12 2025
M04861,P3716,68,5,71.37,2025-01-15
M04862,P2670,113,5,198.29,15/02/2025
M04863,P1600,135,1,140.96,2025-01-15
M04864,P3860,148,2,192.41,Apr 12 2025
M04865,P0088,149,1,93.97,2025-01-15
M04866,P1665,92,0,142.41,2025-01-15
M04867,P0775,105,6,167.84,2025/03/10
M04868,P3507,4,1,96.77,2025/03/10
M04869,P2302,69,1,198.17,Apr 12 2025
M04870,P3330,118,0,52.65,Apr 12 2025
M04871,P0708,124,4,106.22,2025/03/10
M04872,P3590,31,2,187.92,2025/03/10
M04873,P1045,72,4,177.3,Apr 12 2025
M04874,P2360,84,2,73.49,2025-01-15
M04875,P3039,121,6,168.2,2025/03/10
M04876,P3461,111,1,130.69,15/02/2025
M04877,P2051,1,0,69.08,2025-01-15
M04878,P2656,114,1,96.05,Apr 12 2025
M04879,P2376,72,5,177.71,15/02/2025
M04880,P0960,80,5,69.98,Apr 12 2025
M04881,P2915,54,4,88.75,15/02/2025
M04882,P1731,71,5,137.45,Apr 12 2025
M04883,P2943,23,5,212.44,2025-01-15
M04884,P0218,23,3,52.17,2025-01-15
M04885,P0514,72,5,161.54,Apr 12 2025
M04886,P1660,19,5,175.53,2025-01-15
M04887,P3508,69,6,219.84,2025/03/10
M04888,P2292,72,0,168.8,2025/03/10
M04889,P0712,62,2,171.32,15/02/2025
M04890,P3225,138,1,158.78,Apr 12 2025
M04891,P0693,136,6,130.22,2025/03/10
M04892,P3521,103,5,133.63,2025-01-15
M04893,P2702,53,0,206.11,Apr 12 2025
M04894,P3627,83,3,96.57,Apr 12 2025
M04895,P3894,120,0,190.75,2025/03/10
M04896,P2121,143,1,200.2,2025-01-15
M04897,P3424,134,6,217.94,Apr 12 2025
M04898,P0154,133,6,151.07,2025-01-15
M04899,P3819,0,3,173.71,2025-01-15
M04900,P0476,106,0,62.93,Apr 12 2025
M04901,P1056,65,3,171.14,2025-01-15
M04902,P0423,149,6,135.82,2025-01-15
M04903,P3106,147,3,111.75,2025/03/10
M04904,P0707,77,6,206.11,15/02/2025
M04905,P2997,132,4,195.86,2025/03/10
M04906,P2910,47,1,134.5,Apr 12 2025
M04907,P1198,143,5,192.59,Apr 12 2025
M04908,P1878,1,0,129.69,2025-01-15
M04909,P2591,37,2,91.18,2025/03/10
M04910,P3816,24,1,64.71,2025-01-15
M04911,P2256,41,6,78.22,Apr 12 2025
M04912,P2342,149,0,154.47,Apr 12 2025
M04913,P1688,4,1,141.99,2025/03/10
M04914,P3730,52,4,218.77,2025/03/10
M04915,P1882,16,3,102.26,15/02/2025
M04916,P0445,0,6,52.36,Apr 12 2025
M04917,P0040,5,3,57.93,15/02/2025
M04918,P1997,133,6,60.33,Apr 12 2025
M04919,P3765,111,6,187.29,15/02/2025
M04920,P0673,9,3,186.09,2025-01-15
M04921,P2338,131,1,96.4,2025/03/10
M04922,P2433,39,5,168.19,Apr 12 2025
M04923,P2015,77,4,124.84,Apr 12 2025
M04924,P3826,45,4,119.67,2025-01-15
M04925,P3492,121,6,98.69,2025/03/10
M04926,P3327,87,3,103.83,15/02/2025
M04927,P1750,120,3,111.28,2025/03/10
M04928,P0368,130,1,135.36,Apr 12 2025
M04929,P2401,69,3,131.03,2025/03/10
M04930,P0015,10,1,102.25,15/02/2025
M04931,P3092,38,0,81.6,15/02/2025
M04932,P1627,57,0,86.84,Apr 12 2025
M04933,P2717,65,2,79.21,2025/03/10
M04934,P1816,57,1,51.72,2025-01-15
M04935,P1891,66,6,179.3,Apr 12 2025
M04936,P0931,85,0,123.56,2025/03/10
M04937,P0601,38,2,129.05,Apr 12 2025
M04938,P1508,31,1,108.24,15/02/2025
M04939,P1976,147,4,217.19,2025-01-15
M04940,P2950,91,6,192.51,15/02/2025
M04941,P1637,104,4,208.22,15/02/2025
M04942,P0558,126,3,89.19,2025/03/10
M04943,P0531,38,4,210.43,Apr 12 2025
M04944,P0653,133,1,129.11,15/02/2025
M04945,P2037,45,1,107.29,15/02/2025
M04946,P0418,9,1,187.69,Apr 12 2025
M04947,P3378,13,0,142.35,2025/03/10
M04948,P0584,53,2,209.05,2025-01-15
M04949,P0838,114,0,95.41,15/02/2025
M04950,P0956,50,5,71.04,15/02/2025
M04951,P2185,71,2,117.77,2025-01-15
M04952,P0524,92,5,132.77,2025-01-15
M04953,P1104,118,1,124.78,2025/03/10
M04954,P3084,29,3,211.41,Apr 12 2025
M04955,P2214,4,5,156.73,2025/03/10
M04956,P1514,91,2,101.42,15/02/2025
M04957,P0393,94,3,163.17,15/02/2025
M04958,P1899,40,3,99.19,2025/03/10
M04959,P0845,37,5,190.06,15/02/2025
M04960,P2653,109,4,139.98,15/02/2025
M04961,P1078,33,4,218.65,15/02/2025
M04962,P2604,146,0,87.56,Apr 12 2025
M04963,P2514,119,5,164.26,15/02/2025
M04964,P2776,54,0,167.88,2025-01-15
M04965,P0975,42,0,150.96,2025/03/10
M04966,P3103,148,6,164.61,2025/03/10
M04967,P3269,92,6,63.72,2025-01-15
M04968,P0524,84,0,117.34,Apr 12 2025
M04969,P3592,134,3,158.44,2025-01-15
M04970,P1652,117,1,218.38,Apr 12 2025
M04971,P1711,120,0,198.04,Apr 12 2025
M04972,P1011,36,4,149.21,2025-01-15
M04973,P3648,0,1,139.72,15/02/2025
M04974,P1272,37,6,129.85,15/02/2025
M04975,P0626,26,2,109.92,Apr 12 2025
M04976,P0992,113,2,85.0,Apr 12 2025
M04977,P0934,65,4,107.26,2025/03/10
M04978,P0030,51,4,145.69,2025/03/10
M04979,P3228,73,3,111.59,2025/03/10
M04980,P0813,19,3,59.9,Apr 12 2025
M04981,P0890,8,0,75.43,2025-01-15
M04982,P0065,37,5,187.13,Apr 12 2025
M04983,P3851,52,3,164.15,15/02/2025
M04984,P2798,42,2,175.09,Apr 12 2025
M04985,P0840,47,1,211.0,15/02/2025
M04986,P1168,129,3,95.54,15/02/2025
M04987,P2452,16,3,163.48,2025-01-15
M04988,P3265,24,4,71.05,2025-01-15
M04989,P1239,140,4,123.23,2025-01-15
M04990,P3063,113,1,215.95,15/02/2025
M04991,P1694,79,2,207.08,Apr 12 2025
M04992,P3169,142,4,156.75,15/02/2025
M04993,P2722,120,4,110.76,2025/03/10
M04994,P2581,71,0,132.34,Apr 12 2025
M04995,P3257,14,6,188.74,2025-01-15
M04996,P2456,50,3,66.44,Apr 12 2025
M04997,P1199,93,5,211.43,2025-01-15
M04998,P0060,73,2,177.71,15/02/2025
M04999,P2932,69,3,124.01,2025/03/10
M05000,P1045,126,6,86.28,15/02/2025
M00001,P1371,15,1,84.72,2025/03/10
M00002,P3786,15,1,133.9,2025-01-15
M00003,P1417,18,3,151.69,2025-01-15
M00004,P3636,141,3,210.92,2025/03/10
M00005,P2963,10,0,56.05,15/02/2025
M00006,P2664,89,3,131.19,15/02/2025
M00007,P0088,14,0,181.51,15/02/2025
M00008,P2189,97,5,166.21,2025-01-15
M00009,P2264,123,0,115.81,Apr 12 2025
M00010,P2849,32,3,169.23,15/02/2025
M00011,P0474,112,0,202.51,2025/03/10
M00012,P1441,49,2,124.21,2025-01-15
M00013,P0976,59,0,150.06,15/02/2025
M00014,P1692,137,4,57.78,2025-01-15
M00015,P3577,63,6,59.67,2025-01-15
M00016,P0520,112,1,98.04,2025/03/10
M00017,P1433,62,2,72.05,Apr 12 2025
M00018,P1961,31,5,63.06,2025/03/10
M00019,P3844,139,1,134.14,2025/03/10
M00020,P3677,56,3,171.23,2025/03/10
M00021,P3196,141,2,,15/02/2025
M00022,P2158,68,2,,2025-01-15
M00023,P0222,88,3,,Apr 12 2025
M00024,P1146,20,1,,15/02/2025
M00025,P1250,141,1,,15/02/2025
M00026,P0147,60,5,,Apr 12 2025
M00027,P0468,5,3,,2025/03/10
M00028,P1139,150,3,,2025-01-15
M00029,P0245,71,6,,Apr 12 2025
M00030,P0078,97,3,,15/02/2025
M00031,P0843,97,1,,2025-01-15
M00032,P2706,78,0,,2025/03/10
M00033,P3839,6,4,,2025/03/10
M00034,P3780,67,6,,15/02/2025
M00035,P3102,7,2,,Apr 12 2025
M00036,P3547,109,6,,2025-01-15
M00037,P3308,27,4,,2025/03/10
M00038,P3517,136,3,,2025/03/10
M00039,P0666,97,3,,15/02/2025
M00040,P0541,3,2,,2025/03/10
M00041,P0351,63,6,,2025/03/10
M00042,P2340,101,0,,2025/03/10
M00043,P1101,64,6,,2025-01-15
M00044,P0510,78,4,,2025/03/10
M00045,P3472,45,3,,Apr 12 2025
M00046,P0037,119,0,,Apr 12 2025
M00047,P2613,142,1,,2025-01-15
M00048,P1133,141,2,,Apr 12 2025
M00049,P0737,66,6,,2025/03/10
M00050,P3560,126,1,,15/02/2025
M00051,P0602,12,1,,2025-01-15
M00052,P0755,129,6,124.85,2025/03/10
M00053,P0172,141,5,88.75,2025/03/10
M00054,P1055,4,5,193.64,2025/03/10
M00055,P2214,11,4,89.9,2025-01-15
M00056,P0318,129,3,69.24,2025-01-15
M00057,P0971,52,2,146.96,Apr 12 2025
M00058,P0293,109,2,74.32,2025/03/10
M00059,P2487,92,2,215.77,2025/03/10
M00060,P1928,75,4,55.3,2025/03/10
M00061,P0183,74,1,205.02,2025-01-15
M00062,P0436,54,6,103.23,2025/03/10
M00063,P3850,55,3,191.22,2025-01-15
M00064,P2692,38,3,179.64,2025-01-15
M00065,P0317,57,4,135.59,Apr 12 2025
M00066,P2208,31,6,199.34,2025-01-15
M00067,P2487,120,5,139.16,Apr 12 2025
M00068,P1299,68,1,192.12,2025/03/10
M00069,P3732,62,2,91.32,2025/03/10
M00070,P0946,116,2,177.19,2025-01-15
M00071,P2839,61,3,174.58,Apr 12 2025
M00072,P1483,20,2,145.28,2025-01-15
M00073,P3747,92,5,132.31,15/02/2025
M00074,P1839,107,1,146.79,15/02/2025
M00075,P3792,137,1,182.0,Apr 12 2025
